Source,Target,Weight,Dinero_Total_Millones
1. FC Köln,Amiens SC,1,6.0
1. FC Köln,Hertha BSC,1,15.0
1. FC Köln,Monaco,1,6.5
1. FC Köln,Nacional,1,0.01
1. FC Köln,Saint-Étienne,1,0.01
1. FC Köln,Twente FC,1,0.01
1. FC Köln,VfL Wolfsburg,1,13.5
1. FC Köln,Vit. Guimarães,1,0.01
1. FC Köln,Willem II,1,0.01
1.FSV Mainz 05,1. FC Köln,2,17.25
1.FSV Mainz 05,Arm. Bielefeld,1,0.01
1.FSV Mainz 05,Bor. Dortmund,1,28.0
1.FSV Mainz 05,Celta de Vigo,1,0.01
1.FSV Mainz 05,Crystal Palace,2,14.5
1.FSV Mainz 05,Everton,1,25.0
1.FSV Mainz 05,FC Schalke 04,1,11.0
1.FSV Mainz 05,FC Utrecht,1,0.01
1.FSV Mainz 05,Fortuna Sittard,1,0.01
1.FSV Mainz 05,Huddersfield,2,2.51
1.FSV Mainz 05,Newcastle,1,10.7
1.FSV Mainz 05,SC Freiburg,3,2.51
1.FSV Mainz 05,SC Paderborn,2,0.02
1.FSV Mainz 05,SD Eibar,1,2.0
1.FSV Mainz 05,Sparta R.,1,0.01
1.FSV Mainz 05,Stade Brestois,1,0.01
1.FSV Mainz 05,Twente FC,1,0.01
1.FSV Mainz 05,UD Las Palmas,1,0.35
1.FSV Mainz 05,Union Berlin,1,2.0
1.FSV Mainz 05,VfB Stuttgart,1,5.0
1.FSV Mainz 05,VfL Wolfsburg,1,10.0
A. Malagueño,Famalicão,1,0.5
AC Milan,Alavés,1,2.8
AC Milan,Aston Villa,1,0.4
AC Milan,Atalanta BC,3,4.08
AC Milan,Atlético Madrid,1,14.5
AC Milan,Cagliari Calcio,1,0.01
AC Milan,E. Frankfurt,3,5.01
AC Milan,FC Crotone,3,0.32
AC Milan,Frosinone,1,0.01
AC Milan,G. Bordeaux,1,0.01
AC Milan,Genoa,3,11.26
AC Milan,Heerenveen,1,0.01
AC Milan,Hellas Verona,1,0.01
AC Milan,Hertha BSC,1,24.0
AC Milan,Juventus,2,47.0
AC Milan,Olympique Lyon,1,20.0
AC Milan,PSV Eindhoven,1,0.25
AC Milan,Parma,1,0.01
AC Milan,Sassuolo,2,14.01
AC Milan,Sevilla FC,3,25.78
AC Milan,Spezia Calcio,1,0.01
AC Milan,Torino,5,16.46
AC Milan,Venezia,1,0.01
AC Milan,Villarreal,2,9.5
AC Milan,Wolves,1,18.0
ADO,VVV-Venlo,1,0.01
ADO Den Haag,AZ Alkmaar,1,2.3
ADO Den Haag,FC Emmen,1,0.01
ADO Den Haag,Sparta R.,1,0.01
ADO Den Haag,Willem II,2,0.02
AFE,Stade Reims,1,0.01
APC,Fortuna Sittard,1,0.01
AS Bamako,FC Metz,1,0.35
AS Roma,AC Milan,1,1.0
AS Roma,Aston Villa,1,0.01
AS Roma,Atalanta BC,1,5.0
AS Roma,Bay. Leverkusen,1,26.5
AS Roma,Bologna,2,9.2
AS Roma,Cagliari Calcio,3,0.03
AS Roma,Chelsea,2,55.0
AS Roma,Everton,1,0.01
AS Roma,FC Porto,1,3.08
AS Roma,Feyenoord,1,0.01
AS Roma,Fiorentina,1,0.092
AS Roma,Genoa,3,1.52
AS Roma,Getafe,2,0.51
AS Roma,Gil Vicente,1,0.01
AS Roma,Granada CF,2,4.01
AS Roma,Hellas Verona,3,8.01
AS Roma,Inter,3,41.0
AS Roma,Juventus,1,22.0
AS Roma,LOSC Lille,1,0.01
AS Roma,Leicester,1,3.5
AS Roma,Liverpool FC,2,104.5
AS Roma,Marseille,3,26.22
AS Roma,NAC Breda,1,0.01
AS Roma,OGC Nice,1,0.01
AS Roma,Paris SG,1,0.5
AS Roma,RB Leipzig,2,4.5
AS Roma,Real Sociedad,1,6.0
AS Roma,Real Valladolid,1,0.01
AS Roma,Rennes,1,0.01
AS Roma,SSC Napoli,3,45.5
AS Roma,Sampdoria,2,1.51
AS Roma,Sassuolo,6,25.51
AS Roma,Sevilla FC,1,0.01
AS Roma,Sporting CP,2,3.5
AS Roma,Torino,1,0.01
AS Roma,VVV-Venlo,1,0.01
AS Roma,Valencia,1,0.01
AS Roma,Vitória Setúbal,1,0.01
AS Vita Club,Dijon,1,0.3
ASEC Mimosas,LOSC Lille,1,0.01
ATK,Vitória Setúbal,1,0.01
AZ Alkmaar,Atalanta BC,1,14.0
AZ Alkmaar,Brighton,1,19.0
AZ Alkmaar,Excelsior,1,0.01
AZ Alkmaar,FC Groningen,1,0.01
AZ Alkmaar,FC Utrecht,1,0.7
AZ Alkmaar,Feyenoord,1,6.0
AZ Alkmaar,Genoa,1,1.2
AZ Alkmaar,Go Ahead Eagles,1,0.01
AZ Alkmaar,Heerenveen,1,1.0
AZ Alkmaar,Monaco,1,17.0
AZ Alkmaar,OGC Nice,1,15.0
AZ Alkmaar,PEC Zwolle,1,0.01
AZ Alkmaar,PSV Eindhoven,1,5.0
AZ Alkmaar,RKC Waalwijk,2,0.02
AZ Alkmaar,SC Cambuur-Leeuwarden,1,0.01
AZ Alkmaar,Sevilla FC,1,12.0
AZ Alkmaar,Sparta R.,3,0.03
AZ Alkmaar,Stade Brestois,1,5.0
AZ Alkmaar,Udinese Calcio,1,0.01
AZ Alkmaar,VfL Wolfsburg,1,10.5
AZ Alkmaar,Willem II,3,1.02
Africa Sports,Angers SCO,2,0.02
Africa Sports,Boavista,2,0.41000000000000003
Africa Sports,Brighton,1,3.2
Africa Sports,Desportivo Aves,1,0.01
Africa Sports,Dijon,1,1.6
Africa Sports,FC Groningen,1,0.01
Africa Sports,FC Nantes,1,0.01
Africa Sports,Genoa,1,0.65
Africa Sports,Gil Vicente,1,0.05
Africa Sports,Monaco,1,1.2
Africa Sports,Moreirense ,1,0.01
Africa Sports,Nacional,2,0.02
Africa Sports,Nîmes Olympique,1,1.0
Africa Sports,OGC Nice,1,4.0
Africa Sports,Portimonense,1,0.01
Africa Sports,R. Strasbourg,1,0.2
Africa Sports,Tondela,1,0.185
Africa Sports,Udinese Calcio,1,1.5
Africa Sports,Vitória Setúbal,1,1.0
Africa Sports,West Brom,3,6.5
Ajax,AS Roma,1,17.25
Ajax,AZ Alkmaar,1,2.0
Ajax,Alavés,1,0.01
Ajax,Barcelona,2,107.0
Ajax,Bay. Leverkusen,1,5.0
Ajax,Belenenses SAD,1,0.01
Ajax,Brighton,2,6.0
Ajax,Cagliari Calcio,2,10.01
Ajax,Chelsea,1,40.0
Ajax,Crystal Palace,1,9.0
Ajax,Everton,1,27.0
Ajax,FC Crotone,1,0.01
Ajax,FC Groningen,3,0.32
Ajax,FC Utrecht,1,0.9
Ajax,Genoa,1,1.5
Ajax,Hertha BSC,1,3.0
Ajax,Juventus,1,85.5
Ajax,Man Utd,1,39.0
Ajax,NAC Breda,1,0.01
Ajax,OGC Nice,1,20.5
Ajax,Olympique Lyon,1,4.0
Ajax,Sevilla FC,2,10.51
Ajax,Sparta R.,1,0.01
Ajax,Spurs,1,42.0
Ajax,Twente FC,2,0.02
Al-Duhail SC,FC Porto,1,12.0
Al-Duhail SC,Portimonense,2,0.02
Al-Nasr,Portimonense,1,0.01
Alavés,Athletic,1,4.0
Alavés,Monaco,1,18.0
Alavés,Rayo Vallecano,1,0.01
Alavés,Real Betis,1,2.5
Alavés,SC Freiburg,1,3.7
Alavés,SD Huesca,1,0.01
Alavés,Valencia,1,5.0
Ambrosiana,Hellas Verona,1,0.093
Amiens SC,Angers SCO,1,1.0
Amiens SC,Guingamp,1,1.0
Amiens SC,Newcastle,1,5.4
Amiens SC,Olympique Lyon,2,10.0
Anderlecht,VfB Stuttgart,1,1.8
Angers SCO,FC Metz,2,0.71
Angers SCO,LOSC Lille,1,18.0
Angers SCO,Nîmes Olympique,1,0.01
Angers SCO,OGC Nice,1,7.0
Angers SCO,Olympique Lyon,1,25.0
Angers SCO,R. Strasbourg,1,0.01
Angers SCO,Rennes,1,9.0
Angers SCO,SC Freiburg,1,10.0
Angers SCO,SM Caen,2,3.01
Angers SCO,Saint-Étienne,2,0.02
Angers SCO,Villarreal,1,18.0
Angers SCO,Wolves,2,11.11
Argentinos,Atlético Madrid,1,2.0
Arm. Bielefeld,FC Utrecht,1,0.01
Arsenal,AS Roma,2,3.6
Arsenal,Angers SCO,2,1.61
Arsenal,Aston Villa,1,17.4
Arsenal,Atlético Madrid,1,0.01
Arsenal,Chelsea,1,17.0
Arsenal,Dep. La Coruña,1,0.01
Arsenal,Everton,2,52.9
Arsenal,FC Schalke 04,1,0.01
Arsenal,Feyenoord,1,0.01
Arsenal,Fiorentina,1,1.5
Arsenal,Frosinone,1,1.5
Arsenal,Fulham,1,0.01
Arsenal,G. Bordeaux,1,5.0
Arsenal,Getafe,1,0.01
Arsenal,Hannover 96,1,1.0
Arsenal,Hertha BSC,1,1.0
Arsenal,Juventus,1,18.0
Arsenal,Liverpool FC,1,38.0
Arsenal,Man Utd,1,34.0
Arsenal,Marseille,2,0.02
Arsenal,Newcastle,2,29.41
Arsenal,OGC Nice,1,0.01
Arsenal,RB Leipzig,1,1.0
Arsenal,Real Betis,2,0.02
Arsenal,Real Sociedad,1,0.25
Arsenal,SSC Napoli,2,3.51
Arsenal,Saint-Étienne,1,0.01
Arsenal,TSG Hoffenheim,1,0.5
Arsenal,Udinese Calcio,1,0.01
Arsenal,VVV-Venlo,1,0.01
Arsenal,Valencia,2,25.0
Arsenal,VfB Stuttgart,1,0.75
Arsenal,VfL Wolfsburg,1,1.5
Arsenal,West Brom,2,7.51
Arsenal,West Ham,1,4.4
Arsenal,Willem II,1,0.01
Asia,1.FSV Mainz 05,1,3.8
Asia,AZ Alkmaar,2,0.02
Asia,Brescia,1,1.6
Asia,Brighton,1,3.0
Asia,CD Leganés,1,0.01
Asia,Chaves,1,0.01
Asia,Desportivo Aves,1,0.01
Asia,E. Frankfurt,1,1.6
Asia,FC Groningen,2,1.71
Asia,FC Utrecht,1,0.01
Asia,G. Bordeaux,1,2.0
Asia,Gil Vicente,1,0.01
Asia,Go Ahead Eagles,1,0.01
Asia,Heerenveen,1,0.01
Asia,Hertha BSC,1,0.8
Asia,Levante,1,0.01
Asia,Man City,3,2.99
Asia,Man Utd,1,12.0
Asia,Marítimo,1,0.01
Asia,PEC Zwolle,3,0.03
Asia,Paços Ferreira,1,0.01
Asia,Portimonense,9,0.09
Asia,RKC Waalwijk,1,0.01
Asia,Rio Ave FC,1,0.01
Asia,Santa Clara,2,0.51
Asia,Sheff Utd,1,0.01
Asia,Toulouse,1,3.0
Asia,Twente FC,1,0.01
Asia,Union Berlin,2,0.91
Asia,VfB Stuttgart,1,0.1
Asia,VfL Wolfsburg,1,0.01
Asia,Villarreal,1,0.01
Asia,Wolves,2,5.2
Aston Villa,Everton,1,0.01
Aston Villa,Man City,1,117.5
Aston Villa,Newcastle,1,0.01
Aston Villa,R. Strasbourg,2,0.02
Aston Villa,Toulouse,1,0.01
Atalanta BC,AC Milan,3,56.010000000000005
Atalanta BC,AS Roma,6,59.010000000000005
Atalanta BC,Amiens SC,1,0.13
Atalanta BC,Benevento,2,0.02
Atalanta BC,Bologna,3,15.51
Atalanta BC,Cagliari Calcio,3,1.6
Atalanta BC,E. Frankfurt,1,3.6
Atalanta BC,FC Crotone,1,0.1
Atalanta BC,FC Empoli,1,2.0
Atalanta BC,Frosinone,2,0.5
Atalanta BC,G. Bordeaux,1,1.39
Atalanta BC,Genoa,6,7.53
Atalanta BC,Hellas Verona,5,0.54
Atalanta BC,Inter,3,51.61
Atalanta BC,Juventus,1,35.0
Atalanta BC,Leicester,1,20.9
Atalanta BC,Man Utd,1,21.3
Atalanta BC,NEC Nijmegen,1,0.01
Atalanta BC,Parma,2,0.02
Atalanta BC,Rio Ave FC,1,0.01
Atalanta BC,SPAL,10,26.740000000000002
Atalanta BC,Salernitana,2,0.02
Atalanta BC,Sevilla FC,1,5.5
Atalanta BC,Spezia Calcio,5,1.63
Atalanta BC,Spurs,2,0.02
Atalanta BC,Tondela,1,0.01
Atalanta BC,Udinese Calcio,1,0.01
Athletic,Alavés,1,0.01
Athletic,CD Leganés,2,0.02
Athletic,Chelsea,1,80.0
Athletic,Go Ahead Eagles,1,0.01
Athletic,Man City,1,65.0
Athletic,Rayo Vallecano,1,0.01
Athletic,Real Valladolid,1,0.01
Athletic,SD Huesca,1,0.01
Atlético Madrid,AS Roma,1,2.0
Atlético Madrid,Arsenal,1,50.0
Atlético Madrid,Barcelona,1,120.0
Atlético Madrid,Bay. Leverkusen,1,3.0
Atlético Madrid,Bayern Munich,1,80.0
Atlético Madrid,Belenenses,1,0.01
Atlético Madrid,CA Osasuna,2,0.02
Atlético Madrid,Chelsea,1,5.0
Atlético Madrid,Cádiz CF,1,0.01
Atlético Madrid,FC Porto,1,20.0
Atlético Madrid,Famalicão,2,0.02
Atlético Madrid,Feirense,1,0.01
Atlético Madrid,Fulham,1,0.01
Atlético Madrid,Getafe,3,3.02
Atlético Madrid,Granada CF,2,0.02
Atlético Madrid,Hellas Verona,1,1.8
Atlético Madrid,Inter,1,6.5
Atlético Madrid,Juventus,1,20.0
Atlético Madrid,LOSC Lille,1,0.01
Atlético Madrid,Man City,1,62.7
Atlético Madrid,Monaco,3,38.010000000000005
Atlético Madrid,Newcastle,2,35.0
Atlético Madrid,Real Madrid,1,24.0
Atlético Madrid,SC Braga,1,0.01
Atlético Madrid,SD Huesca,1,0.01
Atlético Madrid,Sporting CP,1,11.0
Atlético Madrid,UD Las Palmas,1,0.01
Atlético Madrid,Udinese Calcio,1,0.01
Atlético Madrid,Valencia,2,16.01
Atlético Madrid,Wolves,3,35.01
Barcelona,AS Roma,2,14.0
Barcelona,Alavés,1,0.01
Barcelona,Arsenal,1,2.5
Barcelona,Aston Villa,1,0.01
Barcelona,Atlético Madrid,2,19.0
Barcelona,Bayern Munich,1,8.5
Barcelona,Benfica,2,2.01
Barcelona,Bor. Dortmund,2,23.0
Barcelona,CA Osasuna,1,2.5
Barcelona,Celta de Vigo,2,14.4
Barcelona,Everton,4,77.7
Barcelona,FC Schalke 04,2,1.51
Barcelona,G. Bordeaux,1,0.01
Barcelona,Getafe,4,16.82
Barcelona,Granada CF,2,0.76
Barcelona,Inter,1,0.01
Barcelona,Juventus,1,76.0
Barcelona,Leeds,1,15.0
Barcelona,OGC Nice,4,8.53
Barcelona,Paris SG,2,223.5
Barcelona,Real Betis,4,10.02
Barcelona,Real Valladolid,1,0.01
Barcelona,SD Eibar,3,2.02
Barcelona,Saint-Étienne,1,2.0
Barcelona,Sassuolo,1,12.0
Barcelona,Sevilla FC,3,13.850000000000001
Barcelona,Spezia Calcio,1,0.3
Barcelona,Spurs,1,25.0
Barcelona,UD Las Palmas,1,0.01
Barcelona,Valencia,1,35.0
Barcelona,Watford,2,14.0
Barcelona,Wolves,2,38.0
Barra FC,SC Braga,1,1.25
Barra FC (SC),Boavista,1,0.01
Barça,Bor. Dortmund,1,3.0
Barça,Monaco,1,3.0
Bay. Leverkusen,AC Milan,1,23.3
Bay. Leverkusen,Arsenal,1,25.0
Bay. Leverkusen,Aston Villa,1,32.0
Bay. Leverkusen,Bor. Dortmund,2,37.0
Bay. Leverkusen,Chelsea,1,80.0
Bay. Leverkusen,E. Frankfurt,2,9.5
Bay. Leverkusen,Everton,1,2.0
Bay. Leverkusen,FC Augsburg,1,0.01
Bay. Leverkusen,FC Groningen,1,0.01
Bay. Leverkusen,FC Porto,1,4.3
Bay. Leverkusen,Genoa,1,0.01
Bay. Leverkusen,Hamburger SV,1,6.5
Bay. Leverkusen,Leicester,1,2.5
Bay. Leverkusen,Monaco,2,31.0
Bay. Leverkusen,RB Leipzig,1,20.0
Bay. Leverkusen,RKC Waalwijk,1,0.01
Bay. Leverkusen,Saint-Étienne,1,0.01
Bay. Leverkusen,Sheff Utd,1,0.01
Bay. Leverkusen,Union Berlin,1,0.01
Bay. Leverkusen,VfL Wolfsburg,1,8.0
Bay. Leverkusen,West Ham,1,17.8
Bayern Munich,1. FC Köln,1,0.01
Bayern Munich,Barcelona,1,18.0
Bayern Munich,Bor. Dortmund,1,30.5
Bayern Munich,Chievo Verona,1,0.05
Bayern Munich,FC Schalke 04,1,16.0
Bayern Munich,Greuther Fürth,1,0.01
Bayern Munich,Juventus,3,62.7
Bayern Munich,LOSC Lille,1,20.0
Bayern Munich,Liverpool FC,1,22.0
Bayern Munich,Marseille,1,0.01
Bayern Munich,Monaco,1,0.01
Bayern Munich,PSV Eindhoven,1,0.01
Bayern Munich,Paris SG,1,5.0
Bayern Munich,Parma,1,0.01
Bayern Munich,Swansea,1,8.5
Bayern Munich,TSG Hoffenheim,3,1.26
Bayern Munich,Venezia,1,4.0
Bayern Munich,Werder Bremen,2,3.51
Belenenses,Desportivo Aves,1,0.01
Belenenses,LOSC Lille,1,3.5
Belenenses,Vitória Setúbal,1,0.01
Belgium,1. FC Köln,3,13.45
Belgium,1.FC Nuremberg,1,0.5
Belgium,AC Milan,2,8.5
Belgium,AZ Alkmaar,3,0.03
Belgium,Ajax,2,20.75
Belgium,Alavés,2,1.51
Belgium,Amiens SC,1,0.01
Belgium,Angers SCO,1,0.01
Belgium,Arm. Bielefeld,1,0.01
Belgium,Arouca,1,0.01
Belgium,Arsenal,1,17.5
Belgium,Aston Villa,3,47.5
Belgium,Atalanta BC,3,33.8
Belgium,Bay. Leverkusen,2,24.0
Belgium,Benevento,1,0.5
Belgium,Benfica,2,19.5
Belgium,Boavista,1,0.01
Belgium,Bologna,4,15.01
Belgium,Bournemouth,1,16.46
Belgium,Brighton,3,37.06
Belgium,CD Leganés,1,0.01
Belgium,Celta de Vigo,1,8.0
Belgium,Desportivo Aves,1,0.01
Belgium,Espanyol,1,2.2
Belgium,Everton,1,8.0
Belgium,Excelsior,2,0.02
Belgium,F. Düsseldorf,2,4.3
Belgium,FC Augsburg,1,7.0
Belgium,FC Crotone,1,0.01
Belgium,FC Emmen,3,0.03
Belgium,FC Empoli,1,0.01
Belgium,FC Groningen,2,0.385
Belgium,FC Lorient,1,8.0
Belgium,FC Metz,4,4.03
Belgium,FC Nantes,8,17.54
Belgium,Famalicão,1,0.01
Belgium,Feyenoord,1,0.01
Belgium,Fortuna Sittard,4,0.04
Belgium,G. Bordeaux,2,12.0
Belgium,Getafe,1,2.5
Belgium,Heerenveen,3,0.03
Belgium,Hellas Verona,3,4.66
Belgium,Heracles Almelo,1,0.01
Belgium,Inter,1,16.0
Belgium,LOSC Lille,3,53.9
Belgium,Lazio,1,5.5
Belgium,Levante,1,3.5
Belgium,Man City,1,4.5
Belgium,Monaco,3,49.7
Belgium,Montpellier,1,2.8
Belgium,Moreirense ,1,0.01
Belgium,NAC Breda,3,0.03
Belgium,Norwich,1,0.01
Belgium,Nîmes Olympique,1,0.01
Belgium,OGC Nice,1,3.0
Belgium,PEC Zwolle,2,0.02
Belgium,Parma,1,6.9
Belgium,Portimonense,3,0.03
Belgium,R. Strasbourg,1,3.0
Belgium,RKC Waalwijk,7,0.07
Belgium,Rayo Vallecano,1,0.01
Belgium,Real Valladolid,1,0.5
Belgium,Rennes,1,26.0
Belgium,Rio Ave FC,1,0.01
Belgium,Roda JC,2,0.02
Belgium,SC Braga,1,0.01
Belgium,SC Cambuur-Leeuwarden,1,0.01
Belgium,SC Freiburg,1,4.5
Belgium,SM Caen,1,1.35
Belgium,SPAL,1,0.01
Belgium,Sampdoria,2,9.26
Belgium,Sheff Utd,1,23.0
Belgium,Southampton,1,15.7
Belgium,Sparta R.,2,0.02
Belgium,Sporting CP,1,4.5
Belgium,Stade Brestois,2,1.01
Belgium,Stade Reims,3,4.21
Belgium,TSG Hoffenheim,1,5.5
Belgium,Tondela,2,0.02
Belgium,Torino,1,5.2
Belgium,Toulouse,1,1.25
Belgium,Troyes,1,0.01
Belgium,Twente FC,4,0.33
Belgium,Udinese Calcio,2,10.0
Belgium,Union Berlin,1,1.5
Belgium,Venezia,2,5.51
Belgium,VfB Stuttgart,1,1.7
Belgium,VfL Wolfsburg,2,19.5
Belgium,Vitesse,2,0.02
Belgium,Vitória Setúbal,1,0.01
Belgium,Watford,3,13.7
Belgium,Werder Bremen,1,0.5
Belgium,Willem II,3,0.03
Belgium,Wolves,2,15.3
Benevento,Sampdoria,1,0.01
Benfica,Ajax,2,1.01
Benfica,Alavés,2,0.02
Benfica,Arsenal,1,8.0
Benfica,Atalanta BC,1,9.5
Benfica,Atlético Madrid,1,127.2
Benfica,Barcelona,1,35.7
Benfica,Bayern Munich,1,0.01
Benfica,Boavista,2,0.02
Benfica,Celta de Vigo,1,4.0
Benfica,Crystal Palace,1,0.01
Benfica,Desportivo Aves,2,0.02
Benfica,Dijon,1,0.01
Benfica,E. Frankfurt,2,22.54
Benfica,Espanyol,3,25.1
Benfica,FC Crotone,1,0.01
Benfica,Famalicão,3,1.02
Benfica,Farense,1,0.01
Benfica,Genoa,2,0.02
Benfica,Getafe,1,0.01
Benfica,Guingamp,1,0.55
Benfica,Hellas Verona,1,3.5
Benfica,Inter,1,0.45
Benfica,Man City,2,108.0
Benfica,Man Utd,1,35.0
Benfica,Marseille,1,15.0
Benfica,Monaco,1,1.5
Benfica,PSV Eindhoven,1,2.5
Benfica,Paços Ferreira,1,0.01
Benfica,Real Valladolid,1,0.01
Benfica,Rio Ave FC,2,0.02
Benfica,SC Braga,2,0.02
Benfica,Spurs,2,7.5
Benfica,Tondela,2,0.02
Benfica,Valencia,1,0.01
Benfica,VfL Wolfsburg,1,12.0
Benfica,Vit. Guimarães,2,3.25
Benfica,Vitória Setúbal,3,0.03
Benfica,Watford,1,1.0
Benfica,West Brom,1,0.01
Benfica,Wolves,2,41.0
Benfica U19,Brighton,1,0.01
Berço,Portimonense,1,0.01
Bielefeld,VfB Stuttgart,1,2.5
Boavista,Benfica,1,1.5
Boavista,G. Bordeaux,2,0.02
Boavista,Portimonense,2,0.02
Boavista,Vit. Guimarães,1,0.4
Bologna,AS Roma,1,4.0
Bologna,Amiens SC,3,2.02
Bologna,Arsenal,1,18.6
Bologna,Atalanta BC,1,0.01
Bologna,Boavista,1,0.01
Bologna,Cagliari Calcio,1,0.01
Bologna,Fiorentina,1,12.3
Bologna,Frosinone,1,0.01
Bologna,Genoa,2,5.01
Bologna,Heerenveen,1,0.01
Bologna,Hellas Verona,3,0.03
Bologna,Lecce,1,0.01
Bologna,SPAL,2,0.02
Bologna,SSC Napoli,1,24.5
Bologna,Sampdoria,2,3.85
Bologna,Sassuolo,1,7.45
Bologna,Udinese Calcio,2,1.51
Bologna,Watford,1,5.0
Bor. Dortmund,1. FC Köln,1,0.01
Bor. Dortmund,Arsenal,2,79.75
Bor. Dortmund,Barcelona,1,140.0
Bor. Dortmund,Bay. Leverkusen,1,12.5
Bor. Dortmund,Benfica,1,20.0
Bor. Dortmund,Bor. M'gladbach,1,17.0
Bor. Dortmund,Celta de Vigo,1,13.0
Bor. Dortmund,Chelsea,1,64.0
Bor. Dortmund,E. Frankfurt,3,4.41
Bor. Dortmund,Fortuna Sittard,1,0.01
Bor. Dortmund,Fulham,1,0.4
Bor. Dortmund,Greuther Fürth,1,0.1
Bor. Dortmund,Hertha BSC,1,2.0
Bor. Dortmund,Man Utd,1,85.0
Bor. Dortmund,Marseille,2,12.0
Bor. Dortmund,Newcastle,2,10.0
Bor. Dortmund,PEC Zwolle,1,0.01
Bor. Dortmund,Paris SG,1,32.0
Bor. Dortmund,Real Betis,1,10.5
Bor. Dortmund,Real Sociedad,1,15.0
Bor. Dortmund,SC Freiburg,1,4.0
Bor. Dortmund,Sassuolo,2,5.75
Bor. Dortmund,Sevilla FC,1,6.0
Bor. Dortmund,TSG Hoffenheim,2,9.01
Bor. Dortmund,VfB Stuttgart,3,5.21
Bor. Dortmund,Villarreal,1,23.0
Bor. Dortmund,Werder Bremen,3,6.0
Bor. Dortmund,West Ham,1,20.0
Bor. Dortmund,Willem II,1,0.01
Bor. M'gladbach,Bayern Munich,1,8.0
Bor. M'gladbach,Bor. Dortmund,2,37.5
Bor. M'gladbach,FC Augsburg,1,0.01
Bor. M'gladbach,Hamburger SV,1,6.0
Bor. M'gladbach,Hannover 96,1,3.0
Bor. M'gladbach,Juventus,1,8.6
Bor. M'gladbach,Roda JC,1,0.01
Bor. M'gladbach,Southampton,1,25.0
Bor. M'gladbach,TSG Hoffenheim,2,8.5
Bor. M'gladbach,Union Berlin,1,0.01
Bor. M'gladbach,Werder Bremen,1,0.6
Boro,ADO Den Haag,1,0.01
Bournemouth,AC Milan,1,0.125
Bournemouth,Aston Villa,1,22.3
Bournemouth,Cardiff,1,0.01
Bournemouth,Sheff Utd,1,11.1
Bournemouth,Toulouse,2,2.01
Bournemouth,Wolves,1,11.4
Bouzas,Alavés,1,0.01
Braga,1. FC Köln,1,3.0
Brescia,Lecce,1,0.1
Brighton,ADO Den Haag,1,0.01
Brighton,Arsenal,2,58.51
Brighton,Brescia,1,1.8
Brighton,Burnley,1,1.1
Brighton,Chievo Verona,1,0.22
Brighton,Cádiz CF,1,0.01
Brighton,F. Düsseldorf,1,0.01
Brighton,FC Augsburg,1,0.01
Brighton,Feyenoord,1,1.0
Brighton,Fortuna Sittard,2,0.060000000000000005
Brighton,Fulham,1,11.7
Brighton,Genoa,1,0.01
Brighton,Heerenveen,2,0.02
Brighton,Newcastle,1,15.0
Brighton,Sparta R.,1,0.01
Brighton,TSG Hoffenheim,1,0.01
Brighton,West Brom,1,1.1
Burnley,Aston Villa,1,8.8
Burnley,Everton,1,28.5
Burnley,Newcastle,1,30.0
Burnley,Norwich,1,9.3
Burnley,Watford,1,20.4
CA Osasuna,Go Ahead Eagles,1,0.01
CA Osasuna,Tondela,1,0.01
CD Leganés,Barcelona,1,18.0
CD Leganés,Benfica,1,9.6
CD Leganés,Bournemouth,1,15.0
CD Leganés,CA Osasuna,1,0.5
CD Leganés,Granada CF,1,0.25
CD Leganés,Sevilla FC,1,20.0
Cagliari Calcio,Benevento,1,1.5
Cagliari Calcio,Bologna,1,0.01
Cagliari Calcio,Celta de Vigo,1,0.01
Cagliari Calcio,Empoli,2,2.51
Cagliari Calcio,FC Crotone,1,0.01
Cagliari Calcio,FC Empoli,1,0.01
Cagliari Calcio,Frosinone,2,1.86
Cagliari Calcio,Genoa,1,0.3
Cagliari Calcio,Hellas Verona,2,1.8
Cagliari Calcio,Inter,2,44.5
Cagliari Calcio,Juventus,1,4.5
Cagliari Calcio,Lecce,2,1.06
Cagliari Calcio,Parma,1,0.01
Cagliari Calcio,SPAL,5,3.03
Cagliari Calcio,Sampdoria,2,9.1
Cagliari Calcio,Sassuolo,2,4.01
Cagliari Calcio,Spezia Calcio,2,0.51
Cagliari Calcio,Valencia,1,0.05
Celta de Vigo,Alavés,2,4.01
Celta de Vigo,Atlético Madrid,1,7.0
Celta de Vigo,CA Osasuna,1,0.25
Celta de Vigo,CD Leganés,1,0.01
Celta de Vigo,Espanyol,2,11.8
Celta de Vigo,Excelsior,1,0.01
Celta de Vigo,Getafe,1,0.01
Celta de Vigo,Levante,1,0.01
Celta de Vigo,Olympique Lyon,1,10.0
Celta de Vigo,SM Caen,1,0.01
Celta de Vigo,SSC Napoli,1,21.0
Celta de Vigo,Sevilla FC,1,5.5
Celta de Vigo,Valencia,4,23.509999999999998
Celta de Vigo,West Brom,1,0.01
Central_EU,1. FC Köln,1,3.3
Central_EU,1.FC Nuremberg,1,3.0
Central_EU,1.FSV Mainz 05,1,2.0
Central_EU,AC Milan,2,4.98
Central_EU,ADO Den Haag,2,0.02
Central_EU,AZ Alkmaar,1,1.5
Central_EU,Ajax,1,8.1
Central_EU,Amiens SC,2,1.15
Central_EU,Angers SCO,1,0.05
Central_EU,Arm. Bielefeld,4,1.72
Central_EU,Arsenal,1,2.1
Central_EU,Atalanta BC,2,8.4
Central_EU,Barcelona,1,0.5
Central_EU,Bay. Leverkusen,1,17.5
Central_EU,Benevento,1,2.1
Central_EU,Benfica,2,3.4
Central_EU,Boavista,1,0.25
Central_EU,Bologna,1,0.2
Central_EU,Bor. Dortmund,1,20.0
Central_EU,Bor. M'gladbach,1,12.5
Central_EU,Brescia,1,3.75
Central_EU,Brighton,7,64.0
Central_EU,CD Leganés,2,3.01
Central_EU,Cagliari Calcio,3,8.3
Central_EU,Celta de Vigo,1,1.0
Central_EU,Chaves,3,0.42000000000000004
Central_EU,Chievo Verona,3,0.71
Central_EU,Crystal Palace,1,2.75
Central_EU,Cádiz CF,1,0.01
Central_EU,E. Frankfurt,2,4.4
Central_EU,Empoli,2,1.51
Central_EU,Espanyol,1,0.25
Central_EU,Estoril Praia,1,0.01
Central_EU,FC Augsburg,1,2.0
Central_EU,FC Crotone,1,0.8
Central_EU,FC Emmen,3,0.52
Central_EU,FC Metz,2,0.02
Central_EU,FC Nantes,1,0.01
Central_EU,FC Porto,1,0.35
Central_EU,FC Schalke 04,1,0.01
Central_EU,FC Utrecht,1,1.2
Central_EU,Famalicão,2,0.02
Central_EU,Feirense,2,0.21000000000000002
Central_EU,Feyenoord,2,5.0
Central_EU,Fiorentina,7,21.9
Central_EU,Fortuna Sittard,5,0.24000000000000002
Central_EU,Frosinone,2,0.02
Central_EU,G. Bordeaux,2,7.51
Central_EU,Genoa,6,16.21
Central_EU,Getafe,1,1.25
Central_EU,Gil Vicente,1,0.08
Central_EU,Granada CF,2,5.5
Central_EU,Heerenveen,3,3.25
Central_EU,Hellas Verona,2,0.02
Central_EU,Heracles Almelo,2,0.61
Central_EU,Hertha BSC,2,11.0
Central_EU,LOSC Lille,1,1.0
Central_EU,Lazio,2,9.75
Central_EU,Leicester,1,30.0
Central_EU,Levante,2,2.5
Central_EU,Liverpool FC,2,21.5
Central_EU,Man City,3,14.8
Central_EU,Marseille,2,31.0
Central_EU,Marítimo,1,0.25
Central_EU,Monaco,2,17.0
Central_EU,Moreirense ,2,0.02
Central_EU,Nacional,2,0.51
Central_EU,Newcastle,2,6.0
Central_EU,Norwich,2,18.5
Central_EU,PSV Eindhoven,1,2.5
Central_EU,Parma,1,0.38
Central_EU,Paços Ferreira,2,0.02
Central_EU,R. Strasbourg,1,1.5
Central_EU,RB Leipzig,5,72.0
Central_EU,RCD Mallorca,3,4.3
Central_EU,Real Valladolid,1,4.0
Central_EU,Rennes,1,3.0
Central_EU,Rio Ave FC,3,0.03
Central_EU,SC Braga,3,4.26
Central_EU,SC Cambuur-Leeuwarden,1,0.01
Central_EU,SM Caen,1,1.0
Central_EU,SPAL,3,5.5
Central_EU,Saint-Étienne,2,1.5
Central_EU,Sampdoria,1,4.0
Central_EU,Santa Clara,1,0.01
Central_EU,Sassuolo,5,7.385
Central_EU,Sevilla FC,1,17.0
Central_EU,Southampton,1,6.0
Central_EU,Sparta R.,2,0.02
Central_EU,Spezia Calcio,4,4.79
Central_EU,Sporting CP,1,6.0
Central_EU,Stade Reims,3,7.01
Central_EU,TSG Hoffenheim,1,14.0
Central_EU,Torino,3,10.0
Central_EU,Toulouse,1,3.5
Central_EU,Twente FC,1,0.01
Central_EU,UD Las Palmas,1,0.01
Central_EU,Udinese Calcio,2,3.5
Central_EU,Union Berlin,3,3.7
Central_EU,VVV-Venlo,1,0.2
Central_EU,Valencia,1,2.2
Central_EU,Venezia,2,0.75
Central_EU,VfL Wolfsburg,5,30.0
Central_EU,Vit. Guimarães,2,1.21
Central_EU,Vitesse,4,3.91
Central_EU,Watford,1,2.25
Central_EU,Werder Bremen,2,4.0
Central_EU,West Ham,3,26.7
Central_EU,Willem II,5,0.14
Central_EU,Wolves,3,29.6
Chaves,Boavista,1,0.01
Chaves,Vit. Guimarães,1,0.8
Chelsea,AC Milan,5,38.400000000000006
Chelsea,ADO Den Haag,1,0.01
Chelsea,AS Roma,2,40.01
Chelsea,AZ Alkmaar,1,0.01
Chelsea,Alavés,1,0.01
Chelsea,Amiens SC,1,0.01
Chelsea,Arsenal,1,8.7
Chelsea,Aston Villa,2,0.02
Chelsea,Atalanta BC,3,23.0
Chelsea,Atlético Madrid,3,113.0
Chelsea,Belenenses,1,0.01
Chelsea,Bor. Dortmund,2,1.51
Chelsea,Bournemouth,2,34.3
Chelsea,Brighton,1,0.01
Chelsea,Burnley,1,0.01
Chelsea,CD Leganés,2,5.8
Chelsea,Chievo Verona,1,0.01
Chelsea,Crystal Palace,5,24.520000000000003
Chelsea,Everton,1,7.9
Chelsea,F. Düsseldorf,1,0.01
Chelsea,FC Groningen,1,0.01
Chelsea,FC Lorient,1,0.01
Chelsea,FC Nantes,1,0.3
Chelsea,FC Porto,1,2.0
Chelsea,FC Schalke 04,1,0.01
Chelsea,Fulham,1,0.01
Chelsea,Genoa,1,0.01
Chelsea,Getafe,1,0.01
Chelsea,Granada CF,1,0.01
Chelsea,Huddersfield,1,0.01
Chelsea,Inter,1,0.216
Chelsea,Juventus,1,20.0
Chelsea,Man Utd,1,44.7
Chelsea,Monaco,2,12.0
Chelsea,Newcastle,2,7.51
Chelsea,Norwich,1,0.01
Chelsea,Olympique Lyon,2,10.5
Chelsea,PSV Eindhoven,1,0.01
Chelsea,RB Leipzig,1,0.65
Chelsea,RCD Mallorca,1,0.01
Chelsea,Real Madrid,2,150.0
Chelsea,Rio Ave FC,1,0.01
Chelsea,SSC Napoli,1,1.75
Chelsea,Sassuolo,1,10.0
Chelsea,Sheff Utd,1,0.01
Chelsea,Southampton,2,5.91
Chelsea,Stade Reims,1,0.01
Chelsea,Stoke City,1,7.8
Chelsea,Swansea,1,0.01
Chelsea,Torino,2,10.4
Chelsea,Valencia,1,3.0
Chelsea,Venezia,1,0.01
Chelsea,Vit. Guimarães,1,0.01
Chelsea,Vitesse,9,0.58
Chelsea,Watford,1,6.3
Chelsea,West Brom,1,0.01
Chelsea,West Ham,1,35.0
Chievo Verona,Cagliari Calcio,3,6.300000000000001
Chievo Verona,Genoa,1,5.0
Chievo Verona,SPAL,1,1.0
Chievo Verona,SSC Napoli,1,12.0
Ciliverghe,Chievo Verona,1,0.01
Club NXT,Heracles Almelo,1,0.01
Cova Piedade,Belenenses SAD,1,0.01
Crystal Palace,Fortuna Sittard,1,0.01
Crystal Palace,Huddersfield,1,0.01
Crystal Palace,Man Utd,1,55.0
Crystal Palace,Marseille,1,3.0
Crystal Palace,RB Leipzig,1,20.0
Cukaricki,Lazio,1,3.0
Cukaricki,Udinese Calcio,1,2.5
Cádiz CF,FC Emmen,1,0.01
DL Pro,Atlético Madrid,2,27.01
Dep. La Coruña,FC Schalke 04,1,3.5
Dep. La Coruña,Levante,1,0.01
Derby Acad.,G. Bordeaux,1,0.3
Desportivo Aves,Boavista,1,0.01
Desportivo Aves,Vit. Guimarães,1,0.7
Diables Noirs,Montpellier,1,0.8
Diambars FC,Feyenoord,1,0.04
Diambars FC,Marseille,1,0.4
Dibba Al-Hisn,Moreirense ,1,0.01
Dijon,Arsenal,1,2.0
Dijon,OGC Nice,1,4.0
Dijon,Rennes,2,14.0
Dijon,SC Freiburg,1,2.0
Dijon,Saint-Étienne,1,10.0
Dijon,Sporting CP,1,5.0
Dijon,Toulouse,2,12.0
Din. Zagreb,F. Düsseldorf,1,0.75
Din. Zagreb,Heracles Almelo,1,0.22
Due Torri,Benevento,1,0.01
E. Frankfurt,1.FSV Mainz 05,2,0.02
E. Frankfurt,AC Milan,2,6.71
E. Frankfurt,Bor. Dortmund,1,5.0
E. Frankfurt,CA Osasuna,1,2.0
E. Frankfurt,F. Düsseldorf,1,0.8
E. Frankfurt,FC Schalke 04,3,6.51
E. Frankfurt,Hannover 96,1,0.2
E. Frankfurt,NEC Nijmegen,1,0.01
E. Frankfurt,Newcastle,1,1.0
E. Frankfurt,RB Leipzig,1,23.0
E. Frankfurt,Real Madrid,2,67.0
E. Frankfurt,TSG Hoffenheim,1,3.0
E. Frankfurt,Union Berlin,1,1.0
E. Frankfurt,West Ham,1,50.0
Elche CF,CA Osasuna,1,3.0
Elche CF,Cádiz CF,1,0.2
Empoli,Fiorentina,4,17.61
Espanyol,1.FSV Mainz 05,2,9.0
Espanyol,Alavés,2,0.41000000000000003
Espanyol,Atlético Madrid,1,25.0
Espanyol,Lazio,1,2.5
Espanyol,Málaga CF,1,0.01
Espanyol,Real Betis,1,28.0
Espanyol,SD Eibar,1,3.8
Espanyol,Villarreal,2,21.5
Espanyol,Watford,1,2.0
Est_EU,1. FC Köln,1,0.5
Est_EU,AS Roma,1,6.0
Est_EU,Alavés,1,3.0
Est_EU,Angers SCO,1,0.5
Est_EU,Arouca,1,0.01
Est_EU,Atalanta BC,2,4.6
Est_EU,Athletic,1,1.0
Est_EU,Atlético Madrid,1,3.5
Est_EU,Benfica,1,0.4
Est_EU,Bor. Dortmund,1,25.0
Est_EU,Brighton,1,2.9
Est_EU,Cagliari Calcio,2,5.91
Est_EU,Chaves,1,0.35
Est_EU,Chievo Verona,2,0.16
Est_EU,Dep. La Coruña,1,0.01
Est_EU,Desportivo Aves,1,0.01
Est_EU,E. Frankfurt,1,0.01
Est_EU,Estoril Praia,1,0.01
Est_EU,Everton,2,34.3
Est_EU,FC Empoli,1,0.3
Est_EU,FC Lorient,1,2.5
Est_EU,Famalicão,2,0.02
Est_EU,Feirense,1,0.01
Est_EU,Fortuna Sittard,2,0.02
Est_EU,G. Bordeaux,2,3.8099999999999996
Est_EU,Genoa,1,1.5
Est_EU,Getafe,2,3.0
Est_EU,Gil Vicente,3,0.03
Est_EU,Hannover 96,2,3.0
Est_EU,Heerenveen,1,1.5
Est_EU,Hellas Verona,2,4.0
Est_EU,LOSC Lille,1,6.5
Est_EU,Lazio,1,0.165
Est_EU,Lecce,1,2.0
Est_EU,Leicester,1,14.5
Est_EU,Man City,1,6.3
Est_EU,Man Utd,1,59.0
Est_EU,Marítimo,1,0.05
Est_EU,NEC Nijmegen,1,0.01
Est_EU,Nîmes Olympique,1,0.3
Est_EU,Olympique Lyon,1,0.01
Est_EU,Parma,2,22.1
Est_EU,Paços Ferreira,1,0.1
Est_EU,RB Leipzig,2,47.8
Est_EU,Real Madrid,1,8.5
Est_EU,Rennes,1,12.0
Est_EU,Rio Ave FC,3,0.52
Est_EU,SC Braga,1,1.0
Est_EU,SC Freiburg,1,4.5
Est_EU,SD Eibar,1,2.0
Est_EU,SSC Napoli,1,13.5
Est_EU,Sampdoria,1,0.5
Est_EU,Santa Clara,1,0.22
Est_EU,Sparta R.,1,0.01
Est_EU,Spezia Calcio,1,2.2
Est_EU,Sporting CP,4,5.01
Est_EU,Stade Reims,1,5.0
Est_EU,Torino,1,1.0
Est_EU,Troyes,1,1.0
Est_EU,Valencia,2,1.05
Est_EU,VfB Stuttgart,1,6.0
Est_EU,Vit. Guimarães,3,0.62
Estoril Praia,Sporting CP,1,2.0
Estoril Praia,VfB Stuttgart,1,2.5
Estoril Praia,Wolves,1,3.5
Everton,Aston Villa,1,30.0
Everton,Barcelona,1,12.0
Everton,Burnley,1,1.7
Everton,Cardiff,1,0.01
Everton,Chelsea,1,16.8
Everton,Crystal Palace,2,3.3099999999999996
Everton,FC Emmen,1,0.01
Everton,FC Schalke 04,1,0.01
Everton,Feyenoord,1,0.01
Everton,Fiorentina,1,0.75
Everton,Juventus,1,7.0
Everton,Man Utd,1,84.7
Everton,Monaco,1,13.5
Everton,OGC Nice,1,2.23
Everton,Paris SG,2,30.01
Everton,RB Leipzig,2,18.5
Everton,Real Sociedad,1,0.01
Everton,Real Valladolid,1,0.01
Everton,SC Paderborn,1,0.01
Everton,Sevilla FC,1,0.01
Everton,Sheff Utd,1,0.01
Everton,Southampton,1,0.01
Everton,Sporting CP,2,0.02
Everton,Stade Reims,1,2.0
Everton,Twente FC,1,0.01
Everton,Villarreal,1,9.0
Everton,Watford,1,9.3
Everton,Werder Bremen,1,13.5
Everton,West Brom,1,1.1
Excelsior,PEC Zwolle,1,0.75
F. Düsseldorf,FC Schalke 04,1,10.0
FC Augsburg,Arm. Bielefeld,1,0.01
FC Augsburg,Bay. Leverkusen,1,2.0
FC Augsburg,Bor. M'gladbach,1,2.0
FC Augsburg,E. Frankfurt,2,9.8
FC Augsburg,F. Düsseldorf,1,0.01
FC Augsburg,FC Schalke 04,1,0.5
FC Augsburg,Hertha BSC,1,7.1
FC Augsburg,Lens,1,5.5
FC Augsburg,PSV Eindhoven,1,7.7
FC Augsburg,SC Freiburg,1,4.0
FC Augsburg,Southampton,1,4.0
FC Augsburg,Stoke City,1,0.6
FC Augsburg,Union Berlin,1,2.5
FC Augsburg,VfB Stuttgart,1,0.5
FC Augsburg,VfL Wolfsburg,1,1.5
FC Augsburg,Vitesse,1,0.01
FC Emmen,Ajax,1,1.5
FC Empoli,Sampdoria,1,5.5
FC Empoli,Sassuolo,1,16.0
FC Empoli,Spezia Calcio,2,4.6
FC Empoli,Torino,1,1.0
FC Groningen,AZ Alkmaar,1,2.0
FC Groningen,E. Frankfurt,1,1.0
FC Groningen,Hertha BSC,1,4.0
FC Groningen,Huddersfield,1,2.5
FC Groningen,LOSC Lille,1,6.0
FC Groningen,PSV Eindhoven,1,7.5
FC Groningen,SC Cambuur-Leeuwarden,1,0.01
FC Groningen,Sampdoria,1,3.7
FC Groningen,Stade Reims,1,4.0
FC Groningen,Vitesse,1,1.0
FC Groningen,Willem II,1,0.01
FC Lorient,Brentford,1,10.0
FC Lorient,Clermont Foot,1,0.01
FC Lorient,Leeds,1,6.5
FC Lorient,Vitesse,1,0.01
FC Metz,E. Frankfurt,1,2.7
FC Metz,Levante,1,1.6
FC Metz,Nacional,1,0.01
FC Metz,R. Strasbourg,1,10.0
FC Metz,Rennes,1,17.0
FC Metz,SC Paderborn,1,0.01
FC Metz,Spurs,1,16.9
FC Nantes,Cardiff,1,17.0
FC Nantes,Chievo Verona,2,2.51
FC Nantes,FC Schalke 04,1,8.0
FC Nantes,Fortuna Sittard,1,0.01
FC Nantes,Genoa,1,3.5
FC Nantes,Marseille,1,13.0
FC Nantes,SM Caen,1,2.7
FC Nantes,Sevilla FC,1,15.0
FC Nantes,Torino,2,3.01
FC Nantes,Vit. Guimarães,1,0.01
FC Nantes,Watford,1,10.0
FC Porto,AC Milan,1,38.0
FC Porto,AS Roma,1,1.0
FC Porto,Alavés,1,0.01
FC Porto,Atlético Madrid,1,20.0
FC Porto,Belenenses SAD,1,0.01
FC Porto,Boavista,3,5.02
FC Porto,CD Leganés,1,0.01
FC Porto,Dep. La Coruña,1,0.01
FC Porto,Desportivo Aves,1,0.01
FC Porto,E. Frankfurt,1,3.0
FC Porto,Estoril Praia,1,0.01
FC Porto,FC Nantes,1,0.01
FC Porto,Famalicão,1,0.01
FC Porto,Feirense,1,0.01
FC Porto,Huddersfield,1,3.8
FC Porto,Leicester,1,22.0
FC Porto,Liverpool FC,1,47.0
FC Porto,Man Utd,2,37.0
FC Porto,Málaga CF,1,0.01
FC Porto,Paris SG,2,20.0
FC Porto,Parma,1,4.1
FC Porto,Portimonense,6,2.57
FC Porto,Real Madrid,1,50.0
FC Porto,Real Valladolid,1,1.9
FC Porto,Rio Ave FC,1,0.01
FC Porto,SC Braga,3,3.5199999999999996
FC Porto,Sevilla FC,3,14.01
FC Porto,Stoke City,1,7.7
FC Porto,Tondela,1,0.01
FC Porto,Troyes,1,0.01
FC Porto,Villarreal,2,6.0
FC Porto,Vit. Guimarães,6,1.57
FC Porto,Vitória Setúbal,3,0.03
FC Porto,Wolves,3,52.01
FC Schalke 04,1. FC Köln,1,0.01
FC Schalke 04,Bor. M'gladbach,1,11.0
FC Schalke 04,Dijon,1,0.5
FC Schalke 04,E. Frankfurt,1,0.01
FC Schalke 04,F. Düsseldorf,2,0.7
FC Schalke 04,FC Augsburg,1,0.75
FC Schalke 04,Heracles Almelo,1,0.01
FC Schalke 04,Juventus,2,8.0
FC Schalke 04,Levante,2,1.51
FC Schalke 04,Liverpool FC,1,1.1
FC Schalke 04,Monaco,1,2.0
FC Schalke 04,Newcastle,1,1.0
FC Schalke 04,Norwich,1,3.0
FC Schalke 04,Paris SG,1,37.0
FC Schalke 04,Roda JC,1,0.01
FC Schalke 04,SD Huesca,2,1.01
FC Schalke 04,Sevilla FC,1,2.0
FC Schalke 04,TSG Hoffenheim,2,0.86
FC Schalke 04,Vit. Guimarães,1,0.01
FC São Paulo,Belenenses,1,0.01
FC São Paulo,E. Frankfurt,1,1.8
FC São Paulo,Portimonense,1,0.01
FC Utrecht,ADO Den Haag,2,0.02
FC Utrecht,Ajax,2,10.25
FC Utrecht,E. Frankfurt,1,12.0
FC Utrecht,FC Groningen,1,0.6
FC Utrecht,Feyenoord,1,4.0
FC Utrecht,Heracles Almelo,2,0.02
FC Utrecht,NAC Breda,1,0.01
FC Utrecht,PEC Zwolle,2,0.02
FC Utrecht,Sparta R.,2,0.02
FC Utrecht,Twente FC,4,1.03
FC Utrecht,VVV-Venlo,2,0.02
FC Utrecht,Willem II,1,0.01
FC Villarreal C,Genoa,1,0.01
Famalicão,Belenenses SAD,3,0.03
Famalicão,Estoril Praia,1,0.01
Famalicão,FC Porto,1,3.2
Famalicão,Moreirense ,1,0.01
Famalicão,NEC Nijmegen,1,0.01
Famalicão,Rio Ave FC,1,0.01
Famalicão,Sporting CP,2,13.0
Famalicão,Vit. Guimarães,1,0.01
Feirense,Belenenses SAD,1,0.01
Feirense,FC Porto,1,1.0
Feirense,UD Las Palmas,1,0.01
Feirense Sub-23,Moreirense ,1,0.01
Feyenoord,1.FSV Mainz 05,2,11.5
Feyenoord,ADO Den Haag,1,0.01
Feyenoord,AS Roma,1,16.0
Feyenoord,AZ Alkmaar,2,1.26
Feyenoord,Ajax,1,5.5
Feyenoord,FC Groningen,1,0.01
Feyenoord,FC Utrecht,1,1.0
Feyenoord,Heerenveen,2,1.2
Feyenoord,Heracles Almelo,1,0.15
Feyenoord,Monaco,1,15.0
Feyenoord,PEC Zwolle,1,0.3
Feyenoord,RKC Waalwijk,2,0.02
Feyenoord,Roda JC,1,0.01
Feyenoord,Sparta R.,2,0.02
Feyenoord,Twente FC,2,0.02
Feyenoord,Venezia,1,0.5
Feyenoord,Willem II,5,0.05
Fiorentina,AC Milan,2,27.5
Fiorentina,AS Roma,2,18.5
Fiorentina,Atalanta BC,1,6.4
Fiorentina,Benevento,1,0.5
Fiorentina,Cagliari Calcio,5,17.02
Fiorentina,Chievo Verona,2,1.6
Fiorentina,E. Frankfurt,2,4.51
Fiorentina,Empoli,3,1.02
Fiorentina,Espanyol,1,0.2
Fiorentina,FC Empoli,1,0.01
Fiorentina,FC Nantes,4,10.81
Fiorentina,Feyenoord,1,0.01
Fiorentina,Genoa,1,0.01
Fiorentina,Getafe,1,0.01
Fiorentina,Hellas Verona,5,3.83
Fiorentina,Inter,3,30.51
Fiorentina,Juventus,3,134.2
Fiorentina,Marseille,2,6.99
Fiorentina,Parma,1,0.44
Fiorentina,Real Betis,1,3.5
Fiorentina,SD Eibar,1,0.01
Fiorentina,SPAL,1,0.01
Fiorentina,Salernitana,1,0.01
Fiorentina,Sampdoria,1,2.0
Fiorentina,Sassuolo,2,10.0
Fiorentina,Spezia Calcio,1,0.01
Fiorentina,Sporting CP,1,4.5
Fiorentina,Vitesse,1,0.01
Fiorentina,Vitória Setúbal,1,0.01
Fortuna Sittard,Feyenoord,1,1.3
Fortuna Sittard,Heracles Almelo,1,0.01
Fortuna Sittard,Marítimo,1,0.01
Fortuna Sittard,Sparta R.,1,0.01
France,1.FSV Mainz 05,1,6.0
France,AC Milan,1,1.19
France,Alavés,1,1.0
France,Angers SCO,11,10.379999999999999
France,Arm. Bielefeld,1,0.8
France,Arsenal,1,8.0
France,Bay. Leverkusen,1,7.5
France,Belenenses SAD,3,0.03
France,Boavista,1,0.01
France,Bor. M'gladbach,3,18.25
France,Brescia,1,2.0
France,Cagliari Calcio,1,1.38
France,Desportivo Aves,1,0.01
France,Dijon,7,12.41
France,E. Frankfurt,1,5.5
France,Everton,1,0.27
France,FC Crotone,1,0.01
France,FC Lorient,4,15.5
France,FC Metz,8,7.55
France,FC Nantes,4,12.5
France,FC Porto,2,5.45
France,FC Utrecht,1,0.25
France,Famalicão,3,1.52
France,Fortuna Sittard,2,0.17
France,Getafe,1,1.5
France,Gil Vicente,1,0.01
France,Girona,1,0.01
France,Guingamp,5,3.13
France,Hertha BSC,1,0.5
France,Inter,1,4.5
France,LOSC Lille,2,2.3
France,Leicester,1,2.0
France,Lens,5,7.819999999999999
France,Marítimo,1,0.01
France,Monaco,2,13.0
France,Montpellier,5,7.12
France,NEC Nijmegen,1,0.01
France,Norwich,1,0.01
France,Nîmes Olympique,6,10.65
France,OGC Nice,4,18.810000000000002
France,Olympique Lyon,5,24.0
France,PEC Zwolle,1,0.01
France,PSV Eindhoven,1,7.0
France,Paços Ferreira,2,0.02
France,R. Strasbourg,9,16.21
France,RCD Mallorca,1,2.0
France,Real Sociedad,1,4.5
France,Rennes,7,40.4
France,SM Caen,2,2.25
France,Saint-Étienne,2,2.45
France,Spezia Calcio,2,7.8
France,Stade Brestois,1,2.0
France,Stade Reims,4,4.02
France,Tondela,3,0.03
France,Toulouse,2,2.51
France,Troyes,3,6.81
France,VVV-Venlo,1,0.01
France,VfL Wolfsburg,1,5.0
France,Vit. Guimarães,2,0.02
France,Willem II,1,0.125
Fulham,Brighton,1,4.5
Fulham,Dijon,1,0.01
Fulham,G. Bordeaux,1,0.01
Fulham,LOSC Lille,1,0.01
Fútbol Cons.,Nacional,1,0.01
G. Bordeaux,AC Milan,1,8.0
G. Bordeaux,Angers SCO,3,14.5
G. Bordeaux,Atalanta BC,1,0.01
G. Bordeaux,Barcelona,1,41.0
G. Bordeaux,Cagliari Calcio,1,0.01
G. Bordeaux,Dijon,1,0.5
G. Bordeaux,FC Nantes,1,2.0
G. Bordeaux,Fulham,1,0.01
G. Bordeaux,Genoa,2,6.01
G. Bordeaux,Guingamp,1,0.01
G. Bordeaux,Lazio,1,7.1
G. Bordeaux,Monaco,1,18.0
G. Bordeaux,Montpellier,1,3.0
G. Bordeaux,Málaga CF,1,0.01
G. Bordeaux,Nîmes Olympique,3,1.52
G. Bordeaux,SD Eibar,1,0.01
G. Bordeaux,SM Caen,2,1.51
G. Bordeaux,SSC Napoli,1,12.0
G. Bordeaux,Saint-Étienne,2,2.01
G. Bordeaux,Sevilla FC,1,25.0
G. Bordeaux,Stade Brestois,1,0.01
G. Bordeaux,Watford,1,3.0
GZ Evergrande,Barcelona,1,40.0
GZ Evergrande,Portimonense,2,0.02
GZ Evergrande,Sporting CP,1,3.0
GZ Hengfeng,Girona,1,0.01
Genoa,AC Milan,2,54.0
Genoa,AS Roma,1,18.0
Genoa,Amiens SC,1,0.01
Genoa,Arm. Bielefeld,1,0.085
Genoa,Benevento,1,4.0
Genoa,Brescia,1,0.01
Genoa,CD Leganés,1,2.5
Genoa,Cagliari Calcio,1,0.01
Genoa,Chievo Verona,1,0.01
Genoa,Fiorentina,4,29.009999999999998
Genoa,Frosinone,2,1.51
Genoa,Hellas Verona,5,2.44
Genoa,Inter,4,41.61
Genoa,Juventus,3,69.0
Genoa,Lazio,1,0.01
Genoa,Lecce,3,0.52
Genoa,Monaco,1,20.9
Genoa,Nîmes Olympique,1,0.15
Genoa,Parma,1,1.5
Genoa,Real Valladolid,1,0.25
Genoa,SSC Napoli,1,0.75
Genoa,Salernitana,1,0.01
Genoa,Sassuolo,1,7.0
Genoa,Spezia Calcio,3,0.2
Genoa,Torino,1,10.7
Genoa,Udinese Calcio,1,0.5
Genoa,Vitória Setúbal,1,0.01
Germany,1. FC Köln,1,0.01
Germany,1.FC Nuremberg,2,0.65
Germany,1.FSV Mainz 05,2,3.2
Germany,ADO Den Haag,2,0.02
Germany,AZ Alkmaar,1,1.2
Germany,Amiens SC,2,0.51
Germany,Arm. Bielefeld,3,3.8
Germany,Bay. Leverkusen,1,2.0
Germany,Bayern Munich,2,38.0
Germany,Brighton,2,7.5
Germany,De Graafschap,1,0.01
Germany,E. Frankfurt,4,7.199999999999999
Germany,Estoril Praia,1,0.01
Germany,F. Düsseldorf,2,2.5
Germany,FC Augsburg,4,5.2
Germany,FC Groningen,3,0.42000000000000004
Germany,FC Schalke 04,3,19.2
Germany,FC Utrecht,1,0.01
Germany,Feyenoord,1,0.4
Germany,Fiorentina,1,0.5
Germany,Fortuna Sittard,2,0.8200000000000001
Germany,Go Ahead Eagles,1,0.01
Germany,Greuther Fürth,1,0.75
Germany,Hamburger SV,1,3.5
Germany,Hannover 96,5,15.1
Germany,Heerenveen,4,1.53
Germany,Heracles Almelo,4,0.37
Germany,Hertha BSC,6,32.0
Germany,Huddersfield,4,7.8100000000000005
Germany,Juventus,1,20.5
Germany,LOSC Lille,1,7.0
Germany,Marseille,1,0.01
Germany,Norwich,3,24.5
Germany,Nîmes Olympique,2,2.25
Germany,Olympique Lyon,1,0.25
Germany,PSV Eindhoven,2,10.5
Germany,RB Leipzig,2,0.85
Germany,RCD Mallorca,1,3.5
Germany,RKC Waalwijk,1,0.01
Germany,Roda JC,1,0.01
Germany,SC Braga,2,0.81
Germany,SC Freiburg,8,22.85
Germany,Sampdoria,1,2.6
Germany,Sassuolo,1,2.5
Germany,Sevilla FC,1,5.5
Germany,Sparta R.,1,0.1
Germany,Stade Reims,1,1.0
Germany,TSG Hoffenheim,3,16.0
Germany,Twente FC,1,0.01
Germany,Udinese Calcio,1,6.0
Germany,Union Berlin,11,11.57
Germany,VVV-Venlo,3,0.52
Germany,VfB Stuttgart,3,6.9
Germany,VfL Wolfsburg,5,14.1
Germany,Vitesse,1,0.01
Germany,Werder Bremen,4,12.45
Germany,Willem II,3,0.36
Getafe,Brighton,1,18.0
Getafe,CA Osasuna,3,5.01
Getafe,Cádiz CF,1,2.0
Getafe,Espanyol,1,9.0
Getafe,RCD Mallorca,1,3.0
Getafe,Rayo Vallecano,1,0.5
Getafe,Real Valladolid,2,0.21000000000000002
Getafe,SM Caen,1,1.5
Getafe,Valencia,1,0.01
Gil Vicente,SC Braga,1,1.25
Girona,FC Metz,1,0.01
Girona,Real Valladolid,1,1.0
Go Ahead Eagles,AZ Alkmaar,1,0.9
Go Ahead Eagles,Ajax,1,1.0
Granada CF,Famalicão,1,0.01
Granada CF,Levante,1,0.5
Granada CF,Paços Ferreira,1,0.01
Granada CF,Valencia,1,2.5
Greuther Fürth,1.FSV Mainz 05,1,3.5
Groningen U21,FC Utrecht,1,0.01
Guingamp,G. Bordeaux,1,0.6
Guingamp,Rennes,1,4.0
Guingamp,SM Caen,1,0.5
Guingamp,Saint-Étienne,1,0.01
Génération Foot,FC Metz,5,0.05
HB CFFC,Amiens SC,1,0.01
HB CFFC,Rayo Vallecano,1,2.0
Hamburger SV,FC Augsburg,1,5.5
Hannover 96,E. Frankfurt,1,0.5
Hannover 96,FC Schalke 04,1,7.0
Hannover 96,VfL Wolfsburg,1,3.0
Hannover 96,Werder Bremen,1,2.25
Hanoi FC,Heerenveen,1,0.01
Heerenveen,Ajax,1,5.0
Heerenveen,FC Utrecht,1,0.35
Heerenveen,Feyenoord,2,8.8
Heerenveen,PSV Eindhoven,2,11.5
Heerenveen,Stade Reims,2,6.0
Hellas Verona,AS Roma,2,29.5
Hellas Verona,Atalanta BC,1,8.0
Hellas Verona,Bologna,1,2.0
Hellas Verona,FC Crotone,2,1.01
Hellas Verona,Fiorentina,1,19.5
Hellas Verona,Genoa,1,0.9
Hellas Verona,Lazio,2,0.8
Hellas Verona,Levante,1,0.01
Hellas Verona,SPAL,3,6.9
Hellas Verona,SSC Napoli,1,14.2
Hellas Verona,Sampdoria,1,0.01
Hellas Verona,Udinese Calcio,3,2.5199999999999996
Helsingborg,Willem II,1,0.01
Heracles Almelo,1.FSV Mainz 05,1,0.3
Heracles Almelo,Atalanta BC,2,5.77
Heracles Almelo,Benevento,1,2.0
Heracles Almelo,FC Emmen,1,0.01
Heracles Almelo,FC Utrecht,1,0.7
Heracles Almelo,TSG Hoffenheim,1,2.7
Hertha BSC,1. FC Köln,1,7.0
Hertha BSC,Arm. Bielefeld,1,0.5
Hertha BSC,Atlético Madrid,1,26.0
Hertha BSC,Bay. Leverkusen,1,12.0
Hertha BSC,Bor. M'gladbach,1,2.0
Hertha BSC,FC Augsburg,2,0.51
Hertha BSC,FC Groningen,1,0.01
Hertha BSC,Fiorentina,1,0.01
Hertha BSC,G. Bordeaux,1,0.01
Hertha BSC,Greuther Fürth,1,0.01
Hertha BSC,Hannover 96,1,4.5
Hertha BSC,Inter,1,22.4
Hertha BSC,Norwich,1,0.01
Hertha BSC,Olympique Lyon,1,0.01
Hertha BSC,PEC Zwolle,1,0.01
Hertha BSC,SC Paderborn,1,0.01
Hertha BSC,Sevilla FC,1,2.0
Hertha BSC,Valencia,1,0.01
Hertha BSC,VfB Stuttgart,1,0.4
Hertha BSC,VfL Bochum,1,0.01
Hertha BSC,VfL Wolfsburg,2,17.01
Hertha BSC,Werder Bremen,2,2.0
Huddersfield,Burnley,1,5.4
Inter,AS Roma,3,22.0
Inter,Atalanta BC,4,18.009999999999998
Inter,Bayern Munich,1,5.0
Inter,Benevento,2,4.28
Inter,Benfica,2,1.71
Inter,Bologna,1,4.0
Inter,Bor. M'gladbach,1,1.2
Inter,Cagliari Calcio,4,3.23
Inter,Chelsea,1,113.0
Inter,FC Empoli,1,0.01
Inter,FC Lorient,1,0.01
Inter,Fiorentina,1,0.01
Inter,Frosinone,2,1.01
Inter,G. Bordeaux,1,0.01
Inter,Genoa,9,34.05
Inter,Hellas Verona,2,0.02
Inter,Monaco,1,10.5
Inter,Newcastle,1,1.5
Inter,Paris SG,3,116.50999999999999
Inter,Parma,7,13.54
Inter,Rennes,1,2.5
Inter,SD Huesca,1,0.01
Inter,SPAL,1,0.01
Inter,SSC Napoli,2,23.5
Inter,Sampdoria,6,23.42
Inter,Sassuolo,3,9.82
Inter,Sevilla FC,1,7.0
Inter,Spezia Calcio,1,0.01
Inter,Sporting CP,1,0.01
Inter,Stade Brestois,2,0.02
Inter,Stade Reims,1,0.01
Inter,Torino,2,4.5
Inter,Valencia,4,35.010000000000005
Inter,West Ham,1,1.2
Inter de Lages,Desportivo Aves,1,0.01
Inter de Lages,Marítimo,1,0.01
Italy,AC Milan,5,45.3
Italy,AS Roma,1,6.0
Italy,AZ Alkmaar,1,2.0
Italy,Amiens SC,2,3.0
Italy,Atalanta BC,6,5.82
Italy,Belenenses SAD,1,0.01
Italy,Benevento,7,9.709999999999999
Italy,Bologna,11,12.415000000000001
Italy,Brescia,2,1.7000000000000002
Italy,Cagliari Calcio,9,11.425
Italy,Chievo Verona,4,1.71
Italy,Clermont Foot,1,0.01
Italy,Empoli,4,9.82
Italy,FC Crotone,6,2.23
Italy,FC Empoli,5,3.02
Italy,FC Nantes,1,0.01
Italy,FC Utrecht,1,0.01
Italy,Famalicão,1,0.01
Italy,Fiorentina,9,16.1
Italy,Frosinone,3,1.31
Italy,G. Bordeaux,1,0.77
Italy,Genoa,12,26.13
Italy,Getafe,2,0.61
Italy,Hellas Verona,9,12.02
Italy,Heracles Almelo,2,0.034
Italy,Inter,2,9.399999999999999
Italy,Juventus,7,31.1
Italy,LOSC Lille,1,4.0
Italy,Lazio,9,28.401
Italy,OGC Nice,1,3.5
Italy,Parma,14,17.242
Italy,RCD Mallorca,2,3.7
Italy,Real Valladolid,1,0.01
Italy,SPAL,10,3.8749999999999996
Italy,SSC Napoli,3,9.765
Italy,Saint-Étienne,1,5.0
Italy,Salernitana,9,6.84
Italy,Sampdoria,12,15.247
Italy,Sassuolo,12,19.88
Italy,Spezia Calcio,5,1.53
Italy,Stade Reims,1,0.01
Italy,Torino,3,3.66
Italy,Udinese Calcio,5,7.66
Italy,VVV-Venlo,1,0.01
Italy,Vitória Setúbal,1,0.01
Italy,Watford,1,0.01
Italy,Willem II,1,0.01
JMG Abidjan,Clermont Foot,1,0.01
JS Suning,Villarreal,2,15.0
Jeanne d'Arc FC,Vitória Setúbal,1,0.01
Juventus,AC Milan,3,89.07
Juventus,ADO Den Haag,1,0.01
Juventus,AS Roma,1,29.5
Juventus,Ajax,1,0.01
Juventus,Atalanta BC,6,31.34
Juventus,Barcelona,1,60.0
Juventus,Bayern Munich,2,21.25
Juventus,Benevento,1,0.2
Juventus,Bologna,2,15.01
Juventus,Bor. Dortmund,2,26.0
Juventus,Cagliari Calcio,5,18.21
Juventus,Chelsea,1,7.8
Juventus,Dijon,2,0.02
Juventus,Empoli,1,0.5
Juventus,Everton,1,27.5
Juventus,FC Crotone,1,0.01
Juventus,FC Schalke 04,1,0.8
Juventus,Fiorentina,1,1.1
Juventus,Fortuna Sittard,2,0.02
Juventus,G. Bordeaux,1,0.01
Juventus,Genoa,11,48.561
Juventus,Hellas Verona,3,0.47000000000000003
Juventus,Man City,1,65.0
Juventus,Man Utd,1,15.0
Juventus,Montpellier,1,6.3
Juventus,Olympique Lyon,1,0.01
Juventus,Parma,3,2.98
Juventus,Rennes,1,1.06
Juventus,SPAL,3,2.02
Juventus,Salernitana,3,0.03
Juventus,Sampdoria,6,23.32
Juventus,Sassuolo,4,25.95
Juventus,Southampton,1,17.25
Juventus,Sporting CP,1,0.01
Juventus,Spurs,2,29.0
Juventus,Torino,4,8.92
Juventus,Udinese Calcio,2,20.01
Juventus,Valencia,2,23.0
Juventus,VfB Stuttgart,3,5.51
Juventus,Vitesse,2,1.84
KRC Genk U18,Parma,1,0.01
Kelme U19,Villarreal,1,0.01
LOSC Lille,AC Milan,2,43.9
LOSC Lille,Angers SCO,1,2.0
LOSC Lille,Arsenal,2,106.0
LOSC Lille,Aston Villa,1,9.0
LOSC Lille,Atlético Madrid,1,3.0
LOSC Lille,Belenenses SAD,1,0.01
LOSC Lille,Boavista,2,0.02
LOSC Lille,Bologna,2,2.675
LOSC Lille,Brighton,1,16.8
LOSC Lille,Celta de Vigo,1,0.01
LOSC Lille,Dijon,4,3.52
LOSC Lille,FC Nantes,1,0.01
LOSC Lille,FC Schalke 04,1,6.0
LOSC Lille,Fiorentina,1,14.0
LOSC Lille,G. Bordeaux,2,10.0
LOSC Lille,Genoa,1,0.01
LOSC Lille,Leicester,1,20.0
LOSC Lille,Monaco,1,11.0
LOSC Lille,Olympique Lyon,3,42.0
LOSC Lille,R. Strasbourg,2,4.01
LOSC Lille,SSC Napoli,2,87.0
LOSC Lille,Sevilla FC,2,19.4
LOSC Lille,Troyes,2,2.51
Lanusei,Parma,1,0.01
Lazio,AC Milan,1,19.7
Lazio,ADO Den Haag,2,0.02
Lazio,Alavés,1,0.01
Lazio,Atalanta BC,1,5.72
Lazio,Benevento,2,2.01
Lazio,CA Osasuna,1,0.9
Lazio,Cádiz CF,1,0.01
Lazio,F. Düsseldorf,1,0.4
Lazio,Fiorentina,1,0.7
Lazio,Genoa,3,3.96
Lazio,Inter,1,6.0
Lazio,Juventus,1,0.6
Lazio,Marítimo,1,0.01
Lazio,Monaco,1,30.0
Lazio,OGC Nice,1,0.01
Lazio,PEC Zwolle,1,0.01
Lazio,Parma,2,3.01
Lazio,RCD Mallorca,1,0.5
Lazio,SC Braga,1,0.01
Lazio,SD Huesca,1,0.01
Lazio,SPAL,2,4.01
Lazio,Southampton,1,16.0
Lazio,Sparta R.,1,0.01
Lazio,Stade Reims,1,4.5
Lazio,Torino,1,0.01
Lazio,Venezia,1,0.4
Lazio,West Ham,1,38.0
Lazio,Wolves,2,26.799999999999997
Leeds,Elche CF,1,0.01
Leeds,Valencia,1,0.01
Leicester,ADO Den Haag,1,0.01
Leicester,Amiens SC,1,0.01
Leicester,Bay. Leverkusen,1,2.0
Leicester,Brighton,1,0.01
Leicester,Chelsea,2,88.1
Leicester,Fiorentina,1,0.01
Leicester,Man City,1,67.8
Leicester,Man Utd,1,87.0
Leicester,Monaco,2,0.02
Leicester,Newcastle,1,2.2
Leicester,OGC Nice,1,0.01
Leicester,SC Freiburg,1,0.5
Leicester,Swansea,1,0.01
Leicester,Torino,1,1.0
Leicester,VfB Stuttgart,1,4.0
Leicester,Villarreal,1,10.0
Lens,Famalicão,1,0.01
Lens,Rennes,1,17.0
Levante,Bournemouth,1,28.0
Levante,CA Osasuna,1,3.5
Levante,Espanyol,1,1.5
Levante,FC Nantes,2,5.01
Levante,Getafe,1,8.0
Levante,Málaga CF,1,0.01
Levante,R. Strasbourg,2,1.01
Levante,Real Betis,1,7.0
Levante,Real Valladolid,1,0.01
Levante,Tondela,1,0.01
Levante,Vit. Guimarães,1,0.01
Linense-SP,Rio Ave FC,1,0.8
Liverpool FC,Saint-Étienne,1,0.3
Loko Tashkent,Nacional,1,1.5
Louletano,Santa Clara,2,0.02
Man City,AS Roma,1,5.0
Man City,Alavés,1,2.0
Man City,Aston Villa,1,16.8
Man City,Barcelona,1,55.0
Man City,Bayern Munich,1,60.0
Man City,Benfica,1,15.0
Man City,Burnley,1,3.9
Man City,Espanyol,1,0.01
Man City,Estoril Praia,2,0.02
Man City,Everton,2,9.51
Man City,F. Düsseldorf,1,0.01
Man City,FC Groningen,3,0.03
Man City,FC Metz,2,2.01
Man City,FC Schalke 04,1,9.0
Man City,FC Utrecht,1,0.01
Man City,Fulham,1,1.65
Man City,Getafe,1,0.01
Man City,Girona,6,0.06
Man City,Granada CF,1,0.01
Man City,Heerenveen,2,0.85
Man City,Hellas Verona,3,8.76
Man City,Huddersfield,1,9.1
Man City,Juventus,1,37.0
Man City,Leeds,1,12.8
Man City,Leicester,1,27.7
Man City,Moreirense ,1,0.01
Man City,NAC Breda,7,0.07
Man City,Norwich,1,0.01
Man City,Olympique Lyon,1,10.0
Man City,PEC Zwolle,1,0.01
Man City,PSV Eindhoven,1,5.5
Man City,Portimonense,1,0.01
Man City,RB Leipzig,2,20.0
Man City,Real Madrid,1,17.0
Man City,Real Valladolid,1,0.01
Man City,Rio Ave FC,1,0.01
Man City,SC Braga,1,0.01
Man City,SD Huesca,1,0.01
Man City,Sevilla FC,1,7.0
Man City,Southampton,1,11.3
Man City,Sporting CP,1,0.01
Man City,Swansea,1,13.0
Man City,Toulouse,1,0.01
Man City,Troyes,5,0.05
Man City,Twente FC,3,0.03
Man City,Udinese Calcio,1,0.01
Man City,VfB Stuttgart,1,9.0
Man City,VfL Wolfsburg,2,8.01
Man City,Villarreal,1,14.0
Man City,West Ham,1,2.3
Man City,Willem II,1,0.01
Man Utd,AC Milan,1,0.5
Man Utd,AS Roma,2,18.0
Man Utd,Ajax,1,16.0
Man Utd,Alavés,2,0.02
Man Utd,Arsenal,1,34.0
Man Utd,Aston Villa,1,0.01
Man Utd,Bay. Leverkusen,1,1.7
Man Utd,Crystal Palace,1,0.01
Man Utd,Everton,1,0.01
Man Utd,Fulham,1,0.01
Man Utd,Inter,3,75.71
Man Utd,Lazio,1,0.01
Man Utd,Leeds,1,29.1
Man Utd,Norwich,1,0.01
Man Utd,Parma,1,2.48
Man Utd,Real Sociedad,1,8.5
Man Utd,SSC Napoli,1,0.6
Man Utd,Sevilla FC,1,0.01
Man Utd,Sheff Utd,1,0.01
Man Utd,Valencia,1,3.0
Man Utd,Vitória Setúbal,1,0.01
Man Utd,Werder Bremen,1,0.01
Man Utd,West Ham,1,2.3
Manama Club,Marítimo,1,0.01
Marseille,Aston Villa,1,15.8
Marseille,Bayern Munich,1,8.0
Marseille,Benfica,1,1.0
Marseille,Cagliari Calcio,1,0.01
Marseille,Elche CF,1,0.01
Marseille,Fulham,1,24.85
Marseille,Genoa,1,0.01
Marseille,Hertha BSC,2,2.75
Marseille,OGC Nice,1,0.01
Marseille,R. Strasbourg,1,0.01
Marseille,SM Caen,1,0.01
Marseille,Saint-Étienne,2,6.01
Marseille,Sassuolo,2,2.01
Marseille,Sevilla FC,1,15.0
Marseille,Troyes,1,0.01
Marítimo,Belenenses SAD,1,0.01
Marítimo,Estoril Praia,1,0.01
Marítimo,FC Porto,1,0.01
Marítimo,Gil Vicente,1,0.01
Marítimo,Paços Ferreira,1,0.01
Marítimo,SC Braga,4,3.556
Marítimo,Vizela,1,0.01
Monaco,1.FSV Mainz 05,2,10.5
Monaco,AC Milan,2,6.0
Monaco,Amiens SC,2,0.02
Monaco,Atlético Madrid,2,72.01
Monaco,Benevento,1,3.0
Monaco,Benfica,1,1.5
Monaco,Chelsea,1,40.0
Monaco,Dijon,2,3.4099999999999997
Monaco,E. Frankfurt,1,0.75
Monaco,Everton,1,2.5
Monaco,FC Metz,3,4.52
Monaco,FC Nantes,2,0.02
Monaco,FC Porto,1,0.01
Monaco,FC Utrecht,1,0.01
Monaco,Famalicão,1,0.01
Monaco,Feyenoord,1,2.2
Monaco,Fiorentina,2,0.02
Monaco,G. Bordeaux,2,0.02
Monaco,Genoa,1,0.01
Monaco,Granada CF,1,0.01
Monaco,Heerenveen,1,0.01
Monaco,Huddersfield,3,30.01
Monaco,Inter,1,5.0
Monaco,Leicester,3,59.01
Monaco,Liverpool FC,1,45.0
Monaco,Man City,2,107.5
Monaco,Marseille,1,8.0
Monaco,Newcastle,1,1.15
Monaco,OGC Nice,1,10.0
Monaco,Paris SG,2,180.01
Monaco,R. Strasbourg,3,0.03
Monaco,RB Leipzig,2,15.01
Monaco,Rennes,1,0.01
Monaco,Rio Ave FC,1,0.01
Monaco,SM Caen,1,0.01
Monaco,Saint-Étienne,2,0.02
Monaco,Sampdoria,1,1.8
Monaco,Sevilla FC,1,25.0
Monaco,Southampton,1,22.0
Monaco,Stade Brestois,4,3.91
Monaco,Torino,2,11.51
Monaco,Toulouse,1,3.5
Monaco,Troyes,1,2.5
Monaco,VfB Stuttgart,1,1.75
Monaco,Vit. Guimarães,1,1.2
Monaco,Wolves,2,7.85
Monopoli,Atalanta BC,1,0.01
Montpellier,1. FC Köln,1,6.0
Montpellier,Huddersfield,2,15.5
Montpellier,Monaco,2,21.5
Montpellier,OGC Nice,1,10.0
Montpellier,RB Leipzig,1,16.0
Montpellier,Real Betis,1,7.0
Montpellier,Rennes,1,15.0
Montpellier,SM Caen,1,2.0
Montpellier,Troyes,1,0.01
Montpellier,VfL Wolfsburg,1,5.0
Moreirense,Arouca,1,0.01
Moreirense,Benfica,3,7.9399999999999995
Moreirense,Levante,1,2.9
Moreirense,Rio Ave FC,1,0.01
Moreirense,Troyes,1,2.7
Musgueira,Moreirense ,1,0.01
Málaga CF,Everton,1,6.0
Málaga CF,G. Bordeaux,1,1.0
Málaga CF,R. Strasbourg,1,0.01
Málaga CF,Twente FC,1,0.01
Málaga CF,VfL Wolfsburg,1,14.0
Málaga CF,Villarreal,1,12.0
NAC Breda,FC Utrecht,1,0.35
Nacional,Boavista,1,0.01
Nacional,Cagliari Calcio,1,0.01
Nacional,Levante,1,2.0
Netherlands,ADO Den Haag,2,0.02
Netherlands,AZ Alkmaar,2,2.25
Netherlands,Ajax,1,2.0
Netherlands,Bologna,2,2.56
Netherlands,Brighton,2,2.6
Netherlands,De Graafschap,2,0.02
Netherlands,Excelsior,4,0.33
Netherlands,FC Augsburg,1,3.0
Netherlands,FC Emmen,4,0.08
Netherlands,FC Groningen,6,2.08
Netherlands,FC Utrecht,3,0.62
Netherlands,Heerenveen,7,2.48
Netherlands,Heracles Almelo,11,0.93
Netherlands,LOSC Lille,1,8.0
Netherlands,Monaco,1,2.5
Netherlands,NEC Nijmegen,1,0.01
Netherlands,PEC Zwolle,5,1.145
Netherlands,RKC Waalwijk,2,0.11
Netherlands,Sparta R.,6,0.06
Netherlands,Stade Reims,1,4.0
Netherlands,Twente FC,2,0.41000000000000003
Netherlands,VVV-Venlo,2,0.02
Netherlands,VfL Wolfsburg,1,3.5
Netherlands,Vitesse,1,0.25
Netherlands,Vizela,1,0.01
Netherlands,Willem II,8,1.815
Newcastle,Ajax,1,2.3
Newcastle,Alavés,3,2.2600000000000002
Newcastle,Benevento,1,0.01
Newcastle,Brighton,1,0.01
Newcastle,FC Metz,1,1.1
Newcastle,FC Porto,1,4.66
Newcastle,Fulham,1,24.7
Newcastle,Hellas Verona,1,0.01
Newcastle,Leicester,1,33.4
Newcastle,Marseille,1,11.0
Newcastle,R. Strasbourg,1,4.0
Newcastle,Real Sociedad,1,12.0
Newcastle,SD Eibar,1,0.01
Nordsjaell.,Bay. Leverkusen,1,2.5
North America,AS Roma,2,6.85
North America,Ajax,1,15.0
North America,Alavés,1,0.01
North America,Arm. Bielefeld,1,1.8
North America,Arsenal,1,1.82
North America,Atlético Madrid,1,0.9
North America,Bayern Munich,1,10.0
North America,Benfica,1,7.87
North America,Boavista,3,3.51
North America,Bologna,1,0.097
North America,Bor. M'gladbach,1,1.8
North America,Celta de Vigo,1,7.0
North America,Dijon,2,0.02
North America,E. Frankfurt,2,5.45
North America,FC Augsburg,2,20.36
North America,FC Porto,2,17.2
North America,Feyenoord,1,0.01
North America,Genoa,2,4.0
North America,Getafe,1,0.01
North America,Gil Vicente,1,0.01
North America,Heerenveen,1,0.01
North America,Lens,1,2.3
North America,Man City,2,10.82
North America,Newcastle,1,24.0
North America,PSV Eindhoven,2,18.5
North America,Paços Ferreira,3,2.52
North America,RB Leipzig,2,4.45
North America,Rayo Vallecano,1,0.35
North America,Real Betis,2,17.0
North America,SC Braga,1,0.01
North America,SD Huesca,1,1.0
North America,Saint-Étienne,2,4.51
North America,Santa Clara,1,0.01
North America,Sevilla FC,1,8.7
North America,Sporting CP,1,3.2
North America,TSG Hoffenheim,1,0.01
North America,Tondela,1,0.01
North America,UD Las Palmas,1,0.01
North America,Venezia,2,9.64
North America,VfL Wolfsburg,1,6.68
North_EU,AC Milan,1,4.8
North_EU,AS Roma,1,9.0
North_EU,AZ Alkmaar,6,10.86
North_EU,Ajax,3,26.5
North_EU,Amiens SC,2,6.0
North_EU,Atalanta BC,1,6.0
North_EU,Athletic,1,0.9
North_EU,Belenenses SAD,1,0.01
North_EU,Bologna,4,17.7
North_EU,Bor. M'gladbach,1,4.5
North_EU,Brentford,2,10.01
North_EU,Brescia,2,7.8
North_EU,Brighton,4,4.71
North_EU,Celta de Vigo,2,10.0
North_EU,Crystal Palace,1,9.0
North_EU,De Graafschap,1,0.01
North_EU,Dijon,1,1.6
North_EU,E. Frankfurt,2,9.8
North_EU,Empoli,1,1.0
North_EU,Excelsior,3,0.32
North_EU,FC Augsburg,2,2.1
North_EU,FC Emmen,1,0.35
North_EU,FC Groningen,10,3.96
North_EU,FC Lorient,2,4.5
North_EU,Famalicão,1,0.01
North_EU,Feyenoord,3,4.7
North_EU,Fiorentina,2,5.0
North_EU,Fortuna Sittard,1,0.01
North_EU,G. Bordeaux,2,3.0
North_EU,Genoa,3,4.75
North_EU,Gil Vicente,1,0.01
North_EU,Guingamp,1,0.225
North_EU,Heerenveen,6,5.32
North_EU,Heracles Almelo,1,0.01
North_EU,Hertha BSC,1,3.0
North_EU,Huddersfield,1,2.7
North_EU,Lazio,1,10.5
North_EU,Leeds,1,2.0
North_EU,Lens,1,4.5
North_EU,Marítimo,1,0.01
North_EU,NAC Breda,1,0.1
North_EU,NEC Nijmegen,1,0.01
North_EU,Nîmes Olympique,1,1.0
North_EU,Paços Ferreira,1,0.01
North_EU,Rennes,1,15.0
North_EU,SC Paderborn,1,0.4
North_EU,SD Huesca,1,1.0
North_EU,SM Caen,1,0.6
North_EU,SPAL,2,0.51
North_EU,Sampdoria,3,9.26
North_EU,Sassuolo,1,0.5
North_EU,Sheff Utd,1,2.0
North_EU,Sparta R.,1,0.01
North_EU,Spezia Calcio,3,2.5
North_EU,Stade Reims,1,10.0
North_EU,TSG Hoffenheim,1,10.0
North_EU,Torino,1,0.9
North_EU,Udinese Calcio,1,0.75
North_EU,VVV-Venlo,1,0.16
North_EU,VfB Stuttgart,1,3.5
North_EU,VfL Wolfsburg,1,12.0
North_EU,Vitesse,2,0.61
North_EU,Vitória Setúbal,1,0.01
North_EU,Watford,2,6.15
North_EU,Werder Bremen,2,7.5
North_EU,West Ham,2,4.6
Norwich,Aston Villa,1,38.4
Norwich,SC Paderborn,1,0.2
Nîmes B,Troyes,1,0.01
Nîmes Olympique,Angers SCO,2,5.0
Nîmes Olympique,Montpellier,1,9.5
Nîmes Olympique,Saint-Étienne,1,4.5
Nîmes Olympique,Stade Brestois,1,0.5
OFK Grbalj U19,Vitória Setúbal,1,0.01
OGC Nice,1. FC Köln,1,3.0
OGC Nice,Atalanta BC,1,0.512
OGC Nice,Boavista,1,0.01
OGC Nice,Bor. M'gladbach,1,23.0
OGC Nice,Clermont Foot,1,0.01
OGC Nice,Famalicão,2,0.02
OGC Nice,Fiorentina,1,3.5
OGC Nice,Fulham,2,34.0
OGC Nice,Hellas Verona,1,3.9
OGC Nice,Hertha BSC,1,4.0
OGC Nice,Inter,1,21.0
OGC Nice,Lens,1,6.0
OGC Nice,Newcastle,1,18.0
OGC Nice,Norwich,1,3.9
OGC Nice,Nîmes Olympique,1,1.5
OGC Nice,PSV Eindhoven,1,2.0
OGC Nice,Parma,1,1.5
OGC Nice,Stade Brestois,2,6.0
OGC Nice,Toulouse,1,0.01
OGC Nice,Troyes,1,0.01
OGC Nice,Udinese Calcio,1,3.5
OGC Nice,Watford,1,4.0
Olympique Lyon,1.FSV Mainz 05,1,8.0
Olympique Lyon,AC Milan,1,1.0
Olympique Lyon,AS Roma,1,5.0
Olympique Lyon,Arsenal,1,53.0
Olympique Lyon,Aston Villa,1,18.4
Olympique Lyon,Atlético Madrid,1,1.5
Olympique Lyon,Bayern Munich,1,41.5
Olympique Lyon,Burnley,1,15.0
Olympique Lyon,Celta de Vigo,1,0.5
Olympique Lyon,Crystal Palace,1,17.5
Olympique Lyon,Dijon,1,0.01
Olympique Lyon,Elche CF,1,0.01
Olympique Lyon,Espanyol,2,8.3
Olympique Lyon,Fulham,2,4.2
Olympique Lyon,Hertha BSC,1,25.0
Olympique Lyon,Monaco,2,31.0
Olympique Lyon,Montpellier,1,2.0
Olympique Lyon,Newcastle,1,42.1
Olympique Lyon,Nîmes Olympique,1,0.01
Olympique Lyon,OGC Nice,4,20.009999999999998
Olympique Lyon,R. Strasbourg,1,0.01
Olympique Lyon,Real Betis,1,19.75
Olympique Lyon,Real Madrid,2,69.5
Olympique Lyon,Rennes,2,14.0
Olympique Lyon,Spurs,1,60.0
Olympique Lyon,Stade Brestois,1,0.01
Olympique Lyon,Torino,2,4.0
Olympique Lyon,Troyes,1,0.01
Olympique Lyon,Valencia,1,15.0
Olympique Lyon,Wolves,1,2.0
Osasco-SP,Nacional,1,0.01
Osmanlispor,Benevento,1,0.2
Osmanlispor,SD Huesca,1,2.5
PEC Zwolle,1. FC Köln,1,2.0
PEC Zwolle,De Graafschap,1,0.01
PEC Zwolle,Fortuna Sittard,1,0.2
PEC Zwolle,Liverpool FC,1,1.9
PEC Zwolle,Man City,1,2.5
PEC Zwolle,PSV Eindhoven,1,2.75
PEC Zwolle,RKC Waalwijk,2,0.02
PEC Zwolle,VVV-Venlo,1,0.01
PSTC,Farense,1,0.01
PSV Eindhoven,ADO Den Haag,2,0.02
PSV Eindhoven,AS Roma,1,5.7
PSV Eindhoven,AZ Alkmaar,1,1.8
PSV Eindhoven,Arm. Bielefeld,1,0.01
PSV Eindhoven,Atalanta BC,1,7.0
PSV Eindhoven,Atlético Madrid,1,11.0
PSV Eindhoven,Bor. Dortmund,1,30.0
PSV Eindhoven,Brighton,2,30.0
PSV Eindhoven,Cagliari Calcio,1,4.6
PSV Eindhoven,De Graafschap,1,0.01
PSV Eindhoven,E. Frankfurt,1,4.5
PSV Eindhoven,Excelsior,1,0.01
PSV Eindhoven,FC Utrecht,2,0.02
PSV Eindhoven,Greuther Fürth,1,0.3
PSV Eindhoven,Heerenveen,1,0.01
PSV Eindhoven,Heracles Almelo,1,0.01
PSV Eindhoven,Hertha BSC,1,0.5
PSV Eindhoven,Inter,1,13.7
PSV Eindhoven,Juventus,1,1.9
PSV Eindhoven,Man City,1,12.0
PSV Eindhoven,NAC Breda,3,0.21000000000000002
PSV Eindhoven,OGC Nice,1,6.0
PSV Eindhoven,PEC Zwolle,2,0.36
PSV Eindhoven,Real Betis,1,2.5
PSV Eindhoven,Roda JC,1,0.01
PSV Eindhoven,SSC Napoli,1,45.0
PSV Eindhoven,Sevilla FC,1,12.5
PSV Eindhoven,Sparta R.,1,0.01
PSV Eindhoven,Spezia Calcio,1,1.5
PSV Eindhoven,Spurs,1,30.0
PSV Eindhoven,TSG Hoffenheim,1,3.5
PSV Eindhoven,Twente FC,1,0.01
PSV Eindhoven,Union Berlin,1,0.01
PSV Eindhoven,VVV-Venlo,1,0.01
PSV Eindhoven,Vitesse,2,0.46
PSV Eindhoven,Willem II,1,0.2
Paganese U19,Udinese Calcio,1,0.01
Paris SG,AS Roma,1,24.7
Paris SG,Athletic,1,24.0
Paris SG,Bay. Leverkusen,2,22.0
Paris SG,Dijon,1,0.01
Paris SG,E. Frankfurt,2,7.01
Paris SG,FC Utrecht,1,0.01
Paris SG,Fulham,1,0.01
Paris SG,G. Bordeaux,3,9.51
Paris SG,Juventus,1,25.0
Paris SG,LOSC Lille,2,15.0
Paris SG,Lens,2,0.02
Paris SG,Monaco,1,10.0
Paris SG,Montpellier,1,0.01
Paris SG,OGC Nice,2,12.51
Paris SG,RB Leipzig,2,29.0
Paris SG,RCD Mallorca,1,0.01
Paris SG,Real Betis,3,25.009999999999998
Paris SG,Real Madrid,1,2.0
Paris SG,Real Sociedad,1,0.01
Paris SG,Sporting CP,2,4.0
Paris SG,Spurs,2,53.4
Paris SG,Stade Brestois,1,0.01
Paris SG,Stoke City,1,0.01
Paris SG,Valencia,2,40.01
Paris SG,West Brom,1,0.01
Paris SG,West Ham,1,2.0
Parma,FC Crotone,1,0.01
Parma,FC Groningen,1,0.01
Parma,Gil Vicente,1,0.01
Parma,Hellas Verona,1,0.4
Parma,Inter,2,6.01
Paços Ferreira,FC Porto,1,0.5
Paços Ferreira,Vit. Guimarães,1,0.01
Pinhalnovense,Desportivo Aves,1,0.01
Piracicaba,Moreirense ,2,0.02
Ponsacco,Parma,1,0.035
Pordenone,Genoa,1,2.0
Portimonense,FC Metz,1,2.5
Portimonense,FC Porto,6,16.009999999999998
Portimonense,Paços Ferreira,1,0.01
Portimonense,Sporting CP,2,7.5
Portimonense,Udinese Calcio,1,0.01
Porto Torres,Cagliari Calcio,1,0.01
Portugal,Arm. Bielefeld,1,1.2
Portugal,Arouca,1,0.01
Portugal,Atlético Madrid,1,0.5
Portugal,Bay. Leverkusen,1,18.5
Portugal,Belenenses,2,0.02
Portugal,Belenenses SAD,6,0.06
Portugal,Benfica,2,0.61
Portugal,Boavista,12,1.6800000000000002
Portugal,CD Leganés,1,1.0
Portugal,Cagliari Calcio,1,2.6
Portugal,Chaves,6,0.55
Portugal,Desportivo Aves,17,0.17
Portugal,Dijon,1,0.665
Portugal,Estoril Praia,4,0.205
Portugal,FC Nantes,2,0.02
Portugal,Famalicão,4,0.04
Portugal,Farense,5,0.05
Portugal,Feirense,5,0.11499999999999999
Portugal,Getafe,1,0.85
Portugal,Gil Vicente,8,0.08
Portugal,LOSC Lille,3,5.01
Portugal,Levante,1,0.01
Portugal,Man City,1,12.0
Portugal,Marítimo,5,0.05
Portugal,Moreirense ,18,1.9200000000000002
Portugal,Nacional,2,1.21
Portugal,Paços Ferreira,7,0.11
Portugal,Portimonense,14,0.63
Portugal,R. Strasbourg,2,2.01
Portugal,Rio Ave FC,5,0.05
Portugal,SC Braga,3,1.6600000000000001
Portugal,SSC Napoli,1,4.0
Portugal,Saint-Étienne,3,1.4100000000000001
Portugal,Santa Clara,5,0.05
Portugal,Spezia Calcio,1,0.5
Portugal,Sporting CP,4,1.86
Portugal,Stade Brestois,1,1.2
Portugal,Stade Reims,1,0.01
Portugal,Tondela,13,0.22
Portugal,Twente FC,1,0.01
Portugal,Venezia,1,0.01
Portugal,Vit. Guimarães,9,1.47
Portugal,Vitória Setúbal,5,0.05
Portugal,Vizela,1,0.01
Portugal,Wolves,2,1.5
Portuguesa-SP,Moreirense ,1,0.01
Pune City,Belenenses SAD,1,0.01
R. Strasbourg,Getafe,1,1.0
R. Strasbourg,Monaco,2,29.0
R. Strasbourg,OGC Nice,1,2.0
R. Strasbourg,RB Leipzig,1,15.0
R. Strasbourg,Rennes,1,4.0
R. Strasbourg,Troyes,1,0.01
RB Leipzig,Ajax,1,0.01
RB Leipzig,Bayern Munich,2,57.5
RB Leipzig,Bor. M'gladbach,2,11.0
RB Leipzig,Brighton,1,10.0
RB Leipzig,Chelsea,1,53.0
RB Leipzig,E. Frankfurt,1,0.5
RB Leipzig,Fulham,1,2.0
RB Leipzig,Hertha BSC,2,26.0
RB Leipzig,Leicester,1,0.01
RB Leipzig,Liverpool FC,2,100.0
RB Leipzig,Monaco,1,4.0
RB Leipzig,PSV Eindhoven,2,12.01
RB Leipzig,Real Sociedad,1,2.0
RB Leipzig,SSC Napoli,1,10.25
RB Leipzig,Udinese Calcio,1,3.0
RB Leipzig,Valencia,1,0.01
RB Leipzig,West Brom,1,15.2
RB Leipzig,Wolves,1,0.01
RC Abidjan,OGC Nice,3,0.03
RCD Mallorca,CA Osasuna,1,8.0
RCD Mallorca,Estoril Praia,1,0.01
RCD Mallorca,Lazio,1,0.2
RKC Waalwijk,FC Groningen,1,0.2
Rayo Vallecano,Celta de Vigo,1,8.0
Rayo Vallecano,Girona,1,5.0
Real Betis,AS Roma,1,23.5
Real Betis,Alavés,4,0.04
Real Betis,Atlético Madrid,1,1.5
Real Betis,Barcelona,2,34.0
Real Betis,Benevento,1,0.1
Real Betis,CA Osasuna,1,1.0
Real Betis,CD Leganés,2,0.02
Real Betis,Cardiff,1,0.01
Real Betis,Celta de Vigo,1,0.01
Real Betis,Crystal Palace,1,1.5
Real Betis,Espanyol,1,0.01
Real Betis,Fiorentina,2,10.25
Real Betis,Genoa,1,0.55
Real Betis,Getafe,3,3.1
Real Betis,Lazio,1,7.5
Real Betis,Levante,2,4.01
Real Betis,R. Strasbourg,1,1.5
Real Betis,Rayo Vallecano,1,0.01
Real Betis,Real Madrid,1,16.5
Real Betis,SD Eibar,1,2.0
Real Betis,SSC Napoli,1,30.0
Real Betis,Saint-Étienne,1,3.5
Real Betis,Sporting CP,2,7.07
Real Betis,Spurs,2,48.0
Real Betis,Torino,1,6.5
Real Madrid,AC Milan,2,24.5
Real Madrid,Alavés,1,3.0
Real Madrid,Arsenal,2,35.01
Real Madrid,Atlético Madrid,1,30.0
Real Madrid,Bayern Munich,2,13.01
Real Madrid,Benfica,1,20.0
Real Madrid,Bor. Dortmund,1,0.01
Real Madrid,CD Leganés,2,0.61
Real Madrid,Chelsea,3,111.00999999999999
Real Madrid,Cádiz CF,1,0.01
Real Madrid,E. Frankfurt,1,3.5
Real Madrid,FC Schalke 04,1,10.0
Real Madrid,Fiorentina,1,0.01
Real Madrid,Granada CF,1,0.01
Real Madrid,Juventus,1,117.0
Real Madrid,Levante,2,4.0
Real Madrid,Man City,1,30.0
Real Madrid,Man Utd,1,40.0
Real Madrid,Olympique Lyon,1,8.0
Real Madrid,Paris SG,1,15.0
Real Madrid,RCD Mallorca,2,0.02
Real Madrid,Rayo Vallecano,1,1.0
Real Madrid,Real Sociedad,3,13.01
Real Madrid,Real Valladolid,3,0.03
Real Madrid,SC Freiburg,2,2.5
Real Madrid,Sevilla FC,1,0.01
Real Madrid,Sporting CP,1,1.0
Real Madrid,Vitesse,1,0.01
Real Madrid,Wolves,1,0.01
Real Sociedad,Alavés,1,0.01
Real Sociedad,Athletic,1,32.0
Real Sociedad,CA Osasuna,2,0.26
Real Sociedad,CD Leganés,2,0.02
Real Sociedad,Getafe,1,0.01
Real Sociedad,Leeds,1,20.0
Real Sociedad,Montpellier,1,1.5
Real Sociedad,Paris SG,1,16.0
Real Sociedad,Rayo Vallecano,2,0.02
Real Sociedad,Real Betis,2,8.01
Real Sociedad,Real Madrid,1,32.0
Real Sociedad,SD Eibar,1,0.01
Real Sociedad,Tondela,1,0.01
Real Sociedad,Villarreal,1,5.0
Real Sociedad,Wolves,1,3.0
Real Valladolid,Espanyol,1,8.0
Real Valladolid,Southampton,1,12.0
Red Bull,Boavista,1,0.01
Red Bull,Moreirense ,1,0.01
Rende,Parma,1,1.0
Rieti,Lazio,2,0.31
Rio Ave B,Santa Clara,1,0.01
Rio Ave FC,Benfica,1,3.5
Rio Ave FC,Desportivo Aves,2,0.02
Rio Ave FC,FC Porto,1,4.73
Rio Ave FC,LOSC Lille,1,6.0
Rio Ave FC,Monaco,1,7.2
Rio Ave FC,Moreirense ,1,0.01
Rio Ave FC,Paços Ferreira,1,0.01
Rio Ave FC,Portimonense,1,0.01
Rio Ave FC,SC Braga,1,1.5
Rio Ave FC,Sporting CP,3,4.16
Rio Ave FC,Tondela,2,0.02
Rio Ave FC,Vitória Setúbal,1,0.01
Roda JC,Ajax,1,0.7
Rukh Lviv,Troyes,1,0.3
Russia,Atalanta BC,2,15.5
Russia,Bay. Leverkusen,1,2.5
Russia,Belenenses SAD,1,0.01
Russia,Benevento,1,0.3
Russia,Celta de Vigo,1,0.7
Russia,Elche CF,2,0.11
Russia,Espanyol,3,3.01
Russia,FC Porto,1,10.75
Russia,FC Utrecht,1,0.01
Russia,Feyenoord,3,1.51
Russia,Fiorentina,1,4.5
Russia,G. Bordeaux,1,3.0
Russia,Genoa,1,9.0
Russia,Hannover 96,1,9.0
Russia,Levante,2,2.4
Russia,Marseille,1,0.5
Russia,Monaco,1,30.0
Russia,Montpellier,3,1.6099999999999999
Russia,Norwich,1,2.0
Russia,Paris SG,1,40.0
Russia,Parma,2,6.4799999999999995
Russia,Portimonense,1,0.01
Russia,Real Betis,1,1.5
Russia,SC Freiburg,1,0.45
Russia,Saint-Étienne,2,0.02
Russia,Salernitana,1,0.25
Russia,Sampdoria,1,0.5
Russia,Sevilla FC,1,21.0
Russia,Sparta R.,1,0.01
Russia,Sporting CP,1,3.8
Russia,Stoke City,1,6.2
Russia,Toulouse,1,2.5
Russia,Venezia,1,0.8
Russia,VfL Wolfsburg,2,9.5
Russia,West Ham,2,35.2
SC Accra,CD Leganés,1,0.01
SC Braga,Arouca,1,0.01
SC Braga,Barcelona,1,31.0
SC Braga,Belenenses,1,0.01
SC Braga,Boavista,1,0.01
SC Braga,Chaves,1,0.01
SC Braga,Estoril Praia,1,0.01
SC Braga,FC Emmen,1,0.01
SC Braga,FC Porto,3,16.509999999999998
SC Braga,Famalicão,2,0.02
SC Braga,Farense,1,0.01
SC Braga,G. Bordeaux,1,4.5
SC Braga,Gil Vicente,1,0.01
SC Braga,LOSC Lille,1,5.0
SC Braga,Lazio,4,27.8
SC Braga,Levante,1,8.9
SC Braga,Marítimo,2,0.02
SC Braga,Moreirense ,5,0.05
SC Braga,Nacional,1,0.01
SC Braga,OGC Nice,1,10.0
SC Braga,Paços Ferreira,2,0.106
SC Braga,Rio Ave FC,1,0.01
SC Braga,Sporting CP,3,26.0
SC Braga,Tondela,1,0.01
SC Braga,Vizela,2,0.02
SC Freiburg,Benfica,1,15.0
SC Freiburg,Bor. Dortmund,1,20.0
SC Freiburg,Bor. M'gladbach,1,6.0
SC Freiburg,FC Augsburg,1,2.5
SC Freiburg,Hertha BSC,1,7.0
SC Freiburg,Leeds,1,13.0
SC Freiburg,Leicester,1,21.1
SC Freiburg,Rennes,1,14.0
SC Freiburg,Union Berlin,3,0.16999999999999998
SC Freiburg,VfB Stuttgart,1,1.3
SC Paderborn,FC Schalke 04,1,2.5
SD Eibar,Athletic,1,3.0
SD Eibar,Barcelona,1,4.0
SD Eibar,Getafe,1,4.0
SD Eibar,Granada CF,1,0.01
SD Eibar,Levante,1,0.01
SD Eibar,Newcastle,1,10.0
SD Eibar,Rayo Vallecano,1,0.75
SD Eibar,Real Valladolid,3,1.02
SD Eibar,Sevilla FC,1,14.0
SD Eibar,Tondela,1,0.01
SD Eibar,UD Las Palmas,1,0.01
SD Eibar,Villarreal,1,8.0
SD Taishan,Vizela,1,0.01
SH Port,Bologna,1,3.0
SH SIPG,Espanyol,1,2.0
SK Dnipro-1,Feyenoord,1,0.01
SLB Laulara,Boavista,1,0.01
SM Caen,Guingamp,1,0.01
SM Caen,Inter,2,6.51
SM Caen,OGC Nice,1,6.0
SPAL,Cagliari Calcio,1,0.01
SPAL,Dijon,1,1.0
SPAL,Fiorentina,1,1.4
SPAL,Frosinone,2,0.31
SPAL,Lazio,1,15.0
SPAL,Parma,1,0.5
SPAL,SSC Napoli,2,18.05
SSC Napoli,AS Roma,1,21.0
SSC Napoli,Benfica,1,17.0
SSC Napoli,Cagliari Calcio,4,26.110000000000003
SSC Napoli,Chelsea,1,57.0
SSC Napoli,Chievo Verona,2,0.02
SSC Napoli,E. Frankfurt,2,1.75
SSC Napoli,Everton,1,23.6
SSC Napoli,FC Crotone,2,0.51
SSC Napoli,FC Empoli,1,0.5
SSC Napoli,Fiorentina,1,0.01
SSC Napoli,Hellas Verona,2,0.135
SSC Napoli,LOSC Lille,1,5.13
SSC Napoli,Marseille,1,3.93
SSC Napoli,Monaco,1,0.01
SSC Napoli,OGC Nice,1,2.2
SSC Napoli,Parma,9,39.17
SSC Napoli,Rio Ave FC,1,0.01
SSC Napoli,SPAL,2,0.26
SSC Napoli,Sampdoria,6,23.71
SSC Napoli,Sassuolo,2,9.51
SSC Napoli,Sevilla FC,1,0.5
SSC Napoli,Torino,2,22.01
SSC Napoli,VVV-Venlo,1,0.01
SSC Napoli,Villarreal,1,4.0
SZ FC,Benfica,1,0.01
SZ FC,Famalicão,1,0.01
Sacré-Cœur,Lens,1,0.01
Saint-Étienne,Angers SCO,1,1.0
Saint-Étienne,Arsenal,1,30.0
Saint-Étienne,Chaves,1,0.01
Saint-Étienne,Chievo Verona,1,0.01
Saint-Étienne,FC Metz,3,4.01
Saint-Étienne,FC Porto,1,2.2
Saint-Étienne,FC Utrecht,1,0.01
Saint-Étienne,Fiorentina,1,3.0
Saint-Étienne,LOSC Lille,1,9.0
Saint-Étienne,Leicester,1,35.0
Saint-Étienne,Monaco,1,6.0
Saint-Étienne,Stade Brestois,1,5.0
Saint-Étienne,Troyes,1,0.01
Saint-Étienne,UD Las Palmas,1,0.01
Saint-Étienne,Vitesse,1,0.01
Sampaio-RJ,Portimonense,1,0.01
Sampdoria,1. FC Köln,1,0.3
Sampdoria,AS Roma,2,42.01
Sampdoria,Arsenal,1,28.65
Sampdoria,Atalanta BC,3,26.6
Sampdoria,Benevento,3,1.32
Sampdoria,Cagliari Calcio,2,2.2699999999999996
Sampdoria,Celta de Vigo,2,1.01
Sampdoria,Empoli,1,0.01
Sampdoria,F. Düsseldorf,2,8.0
Sampdoria,FC Crotone,2,0.5
Sampdoria,FC Empoli,2,2.4099999999999997
Sampdoria,Getafe,1,6.0
Sampdoria,Hellas Verona,4,1.07
Sampdoria,Inter,1,34.0
Sampdoria,Leicester,1,19.2
Sampdoria,Olympique Lyon,1,24.0
Sampdoria,Parma,2,2.11
Sampdoria,SPAL,3,0.03
Sampdoria,Salernitana,1,0.01
Sampdoria,Sevilla FC,1,24.5
Sampdoria,Spezia Calcio,1,0.2
Sampdoria,Sporting CP,2,11.6
Sampdoria,Torino,3,9.01
Sanfeliciana,Salernitana,1,0.01
Sangiustese,Parma,1,0.093
Santa Clara,FC Porto,3,7.7
Santa Clara,Paços Ferreira,1,0.01
Sassuolo,AS Roma,3,30.0
Sassuolo,Atalanta BC,1,0.01
Sassuolo,Barcelona,1,1.0
Sassuolo,Benevento,3,2.01
Sassuolo,Bologna,1,7.0
Sassuolo,Brescia,2,0.02
Sassuolo,Cagliari Calcio,2,3.4
Sassuolo,Empoli,1,0.01
Sassuolo,FC Crotone,1,0.01
Sassuolo,FC Empoli,1,0.01
Sassuolo,FC Utrecht,1,0.01
Sassuolo,Fiorentina,6,31.509999999999998
Sassuolo,Frosinone,3,1.12
Sassuolo,Genoa,6,8.040000000000001
Sassuolo,Heerenveen,1,0.25
Sassuolo,Hellas Verona,4,5.51
Sassuolo,Inter,4,53.3
Sassuolo,Juventus,2,19.51
Sassuolo,Lazio,1,12.0
Sassuolo,Lecce,2,1.25
Sassuolo,PEC Zwolle,2,0.02
Sassuolo,RKC Waalwijk,1,0.01
Sassuolo,SPAL,1,0.01
Sassuolo,Sampdoria,2,1.25
Sassuolo,Spezia Calcio,3,0.585
Sevilla FC,AC Milan,2,3.69
Sevilla FC,AS Roma,1,26.65
Sevilla FC,Ajax,2,15.709999999999999
Sevilla FC,Alavés,1,0.01
Sevilla FC,Amiens SC,1,0.01
Sevilla FC,Angers SCO,1,0.01
Sevilla FC,Atalanta BC,3,21.22
Sevilla FC,Atlético Madrid,1,35.6
Sevilla FC,Barcelona,2,35.91
Sevilla FC,Benfica,1,0.7
Sevilla FC,CD Leganés,4,0.04
Sevilla FC,Cádiz CF,1,0.01
Sevilla FC,Espanyol,2,1.01
Sevilla FC,FC Schalke 04,1,12.5
Sevilla FC,Fiorentina,2,3.5
Sevilla FC,Fulham,1,0.01
Sevilla FC,Getafe,2,3.01
Sevilla FC,Granada CF,2,1.01
Sevilla FC,Lazio,1,17.85
Sevilla FC,Leicester,1,15.0
Sevilla FC,Marseille,1,6.0
Sevilla FC,Monaco,1,40.0
Sevilla FC,Norwich,1,0.01
Sevilla FC,OGC Nice,1,0.01
Sevilla FC,Paris SG,3,24.009999999999998
Sevilla FC,RCD Mallorca,1,0.01
Sevilla FC,Real Sociedad,1,10.0
Sevilla FC,Rennes,1,0.01
Sevilla FC,SD Eibar,2,0.02
Sevilla FC,Spurs,1,25.0
Sevilla FC,TSG Hoffenheim,1,12.0
Sevilla FC,Twente FC,1,0.01
Shakhtar II,Nacional,1,0.01
Sheff Utd,ADO Den Haag,1,0.01
Sheff Utd,FC Emmen,1,0.01
Sheff Utd,West Brom,1,0.01
South America,AC Milan,2,49.0
South America,AS Roma,2,13.5
South America,Ajax,5,39.4
South America,Alavés,5,4.39
South America,Amiens SC,2,3.14
South America,Arouca,2,0.02
South America,Arsenal,3,21.1
South America,Atalanta BC,1,4.15
South America,Atlético Madrid,1,21.75
South America,Barcelona,5,67.4
South America,Bay. Leverkusen,3,42.35
South America,Belenenses,2,0.02
South America,Belenenses SAD,4,0.08
South America,Benfica,5,51.0
South America,Boavista,13,2.29
South America,Bologna,5,14.49
South America,Bor. Dortmund,1,15.5
South America,Brighton,3,13.86
South America,CA Osasuna,2,2.71
South America,CD Leganés,5,1.27
South America,Cagliari Calcio,2,17.7
South America,Celta de Vigo,6,9.822
South America,Chaves,7,0.9600000000000001
South America,Crystal Palace,1,0.01
South America,Cádiz CF,4,6.4
South America,Desportivo Aves,5,0.05
South America,Elche CF,3,4.51
South America,Espanyol,2,10.51
South America,Estoril Praia,7,0.8200000000000001
South America,FC Augsburg,2,7.5
South America,FC Crotone,2,3.09
South America,FC Metz,1,0.01
South America,FC Nantes,1,2.3
South America,FC Porto,6,47.519999999999996
South America,Famalicão,10,4.279999999999999
South America,Farense,1,0.01
South America,Feirense,5,0.05
South America,Feyenoord,3,9.5
South America,Fiorentina,4,34.5
South America,Fortuna Sittard,2,0.02
South America,G. Bordeaux,1,5.0
South America,Genoa,7,17.975
South America,Getafe,4,2.1799999999999997
South America,Gil Vicente,13,0.14300000000000002
South America,Granada CF,1,5.7
South America,Heerenveen,1,0.156
South America,Hellas Verona,1,1.95
South America,Inter,1,25.0
South America,Juventus,2,23.2
South America,LOSC Lille,3,33.5
South America,Lazio,1,0.01
South America,Lecce,1,0.8
South America,Lens,3,5.01
South America,Man City,3,29.5
South America,Man Utd,1,8.5
South America,Marseille,3,38.5
South America,Marítimo,14,0.14
South America,Monaco,1,11.0
South America,Montpellier,2,1.15
South America,Moreirense ,11,0.35
South America,Málaga CF,2,7.8
South America,Nacional,7,0.07
South America,Newcastle,1,0.25
South America,Nîmes Olympique,1,2.9
South America,OGC Nice,1,8.0
South America,Olympique Lyon,3,30.0
South America,PEC Zwolle,1,0.01
South America,PSV Eindhoven,1,10.0
South America,Parma,4,4.12
South America,Paços Ferreira,10,0.1
South America,Portimonense,15,3.13
South America,RB Leipzig,2,20.0
South America,Real Madrid,3,120.0
South America,Real Valladolid,2,2.5
South America,Rio Ave FC,13,1.12
South America,SC Braga,2,1.85
South America,Saint-Étienne,1,1.0
South America,Salernitana,2,7.3
South America,Sampdoria,2,2.2
South America,Santa Clara,9,0.09
South America,Sassuolo,2,9.0
South America,Sevilla FC,2,22.0
South America,Spezia Calcio,3,1.68
South America,Sporting CP,4,20.59
South America,Spurs,1,13.0
South America,TSG Hoffenheim,1,3.0
South America,Tondela,9,0.09
South America,Torino,2,13.55
South America,Troyes,1,5.0
South America,Twente FC,1,0.01
South America,UD Las Palmas,2,0.02
South America,Udinese Calcio,4,18.6
South America,VfB Stuttgart,2,17.259999999999998
South America,VfL Wolfsburg,1,5.0
South America,Villarreal,1,10.0
South America,Vit. Guimarães,4,5.66
South America,Vitória Setúbal,5,0.05
South America,Watford,4,19.41
South America,West Ham,1,4.0
South America,Willem II,2,0.02
South America,Wolves,1,5.2
Southampton,Ajax,1,13.7
Southampton,Arsenal,1,0.01
Southampton,Aston Villa,2,44.92
Southampton,CD Leganés,2,0.02
Southampton,Celta de Vigo,2,0.02
Southampton,Feyenoord,1,0.01
Southampton,Fulham,2,8.7
Southampton,Inter,1,0.5
Southampton,Lazio,1,1.0
Southampton,Leicester,1,17.6
Southampton,Liverpool FC,1,84.65
Southampton,Norwich,1,5.85
Southampton,OGC Nice,1,5.5
Southampton,Sampdoria,2,11.91
Southampton,Spurs,2,16.610000000000003
Southampton,West Brom,1,13.7
Spain,1. FC Köln,1,7.0
Spain,1.FSV Mainz 05,2,9.25
Spain,AC Milan,1,0.2
Spain,ADO Den Haag,1,0.01
Spain,AS Roma,2,7.5
Spain,Alavés,9,8.69
Spain,Amiens SC,1,3.0
Spain,Arsenal,1,2.0
Spain,Atalanta BC,1,0.52
Spain,Barcelona,1,17.5
Spain,Bayern Munich,1,9.0
Spain,Benfica,1,34.0
Spain,Bor. Dortmund,1,0.01
Spain,Brentford,1,1.0
Spain,Brighton,1,6.0
Spain,CA Osasuna,3,0.72
Spain,CD Leganés,11,19.62
Spain,Celta de Vigo,2,6.5
Spain,Chievo Verona,1,3.0
Spain,Cádiz CF,6,4.92
Spain,Dep. La Coruña,2,1.01
Spain,Dijon,1,4.0
Spain,E. Frankfurt,1,1.0
Spain,Elche CF,6,6.7299999999999995
Spain,Espanyol,4,22.52
Spain,Estoril Praia,1,0.01
Spain,FC Groningen,1,0.01
Spain,FC Nantes,2,0.31
Spain,Famalicão,2,0.41000000000000003
Spain,Fortuna Sittard,1,0.01
Spain,Genoa,1,0.1
Spain,Getafe,10,18.97
Spain,Gil Vicente,1,0.01
Spain,Girona,3,1.96
Spain,Granada CF,5,9.02
Spain,Hellas Verona,1,1.5
Spain,Inter,1,43.0
Spain,LOSC Lille,1,1.4
Spain,Lazio,1,1.45
Spain,Levante,7,10.21
Spain,Man City,1,12.0
Spain,Marseille,1,3.0
Spain,Málaga CF,2,2.5
Spain,Newcastle,1,4.0
Spain,Parma,1,0.01
Spain,Paços Ferreira,1,0.01
Spain,RB Leipzig,2,18.5
Spain,RCD Mallorca,1,0.01
Spain,Rayo Vallecano,9,11.03
Spain,Real Betis,4,20.0
Spain,Real Madrid,2,4.25
Spain,Real Sociedad,1,10.0
Spain,Real Valladolid,7,10.01
Spain,Rennes,1,3.0
Spain,SC Braga,2,8.01
Spain,SD Eibar,9,18.62
Spain,SD Huesca,8,7.83
Spain,Sassuolo,1,0.3
Spain,Sevilla FC,4,18.009999999999998
Spain,Spurs,2,30.01
Spain,Tondela,4,0.04
Spain,Torino,1,7.0
Spain,Twente FC,2,0.02
Spain,Udinese Calcio,4,2.701
Spain,VVV-Venlo,1,0.01
Spain,Valencia,3,16.0
Spain,Villarreal,5,16.55
Spain,Watford,1,2.0
Sparta R.,ADO Den Haag,1,0.01
Sparta R.,E. Frankfurt,1,2.0
Sparta R.,FC Groningen,1,0.675
Sparta R.,Hamburger SV,1,3.0
Sparta R.,Heerenveen,1,0.75
Sparta R.,Sassuolo,1,0.5
Sparta R.,Watford,1,5.0
Spezia Calcio,FC Empoli,1,2.0
Spezia Calcio,Heracles Almelo,1,0.24
Spezia Calcio,Sampdoria,1,1.5
Spezia Calcio,Sassuolo,1,3.5
Sporting CP,1.FC Nuremberg,1,0.5
Sporting CP,AS Roma,1,0.5
Sporting CP,Alavés,1,0.01
Sporting CP,Atlético Madrid,1,22.0
Sporting CP,Belenenses,1,0.01
Sporting CP,Belenenses SAD,1,0.2
Sporting CP,Boavista,2,0.23
Sporting CP,Brighton,1,3.0
Sporting CP,CD Leganés,2,3.1
Sporting CP,Chaves,2,0.02
Sporting CP,E. Frankfurt,2,7.2
Sporting CP,FC Crotone,1,0.01
Sporting CP,FC Lorient,1,0.01
Sporting CP,Famalicão,1,0.01
Sporting CP,Genoa,1,0.67
Sporting CP,Getafe,1,0.01
Sporting CP,Granada CF,2,8.75
Sporting CP,Lazio,1,0.3
Sporting CP,Leicester,1,20.5
Sporting CP,Man Utd,1,63.0
Sporting CP,Nacional,1,0.01
Sporting CP,Paris SG,1,7.0
Sporting CP,Portimonense,1,0.01
Sporting CP,RCD Mallorca,2,0.02
Sporting CP,Real Betis,1,16.0
Sporting CP,Rennes,1,21.0
Sporting CP,Rio Ave FC,6,1.415
Sporting CP,SC Braga,5,3.0399999999999996
Sporting CP,SD Eibar,1,4.0
Sporting CP,SD Huesca,1,0.01
Sporting CP,SPAL,1,0.01
Sporting CP,Santa Clara,1,0.12
Sporting CP,Sevilla FC,1,11.25
Sporting CP,Tondela,1,0.18
Sporting CP,Valencia,2,20.0
Sporting CP,VfB Stuttgart,1,0.5
Sporting CP,Villarreal,1,14.0
Sporting CP,Vit. Guimarães,3,0.03
Sporting CP,Vitesse,1,0.01
Sporting CP,Watford,1,3.0
Sporting CP,West Brom,1,8.25
Sporting CP,Wolves,1,18.0
Spurs,AS Roma,1,3.2
Spurs,Atlético Madrid,1,22.0
Spurs,Burnley,1,0.01
Spurs,Elche CF,1,0.01
Spurs,FC Metz,1,0.01
Spurs,FC Schalke 04,1,19.0
Spurs,Inter,1,27.0
Spurs,Man City,1,52.7
Spurs,Marseille,1,7.0
Spurs,Newcastle,1,2.0
Spurs,Olympique Lyon,1,1.42
Spurs,Southampton,2,13.31
Spurs,Stoke City,1,19.4
Spurs,TSG Hoffenheim,1,0.01
Spurs,Valencia,1,0.01
Spurs,Villarreal,3,15.02
Spurs,Watford,1,3.5
Stade Brestois,Famalicão,2,1.21
Stade Brestois,Olympique Lyon,1,15.0
Stade Brestois,Southampton,2,24.0
Stade Reims,Angers SCO,1,1.3
Stade Reims,Aston Villa,1,8.0
Stade Reims,G. Bordeaux,1,10.0
Stade Reims,Heracles Almelo,1,0.01
Stade Reims,Marítimo,1,0.01
Stade Reims,Monaco,1,13.0
Stade Reims,OGC Nice,1,4.0
Stade Reims,Paços Ferreira,1,0.01
Stade Reims,Rennes,2,16.6
Stade Reims,SM Caen,1,0.01
Stade Reims,Troyes,1,1.0
Stade Reims,VVV-Venlo,1,0.01
Stade Reims,Villarreal,1,12.0
Stade Rennais,Angers SCO,2,3.01
Stade Rennais,Bor. M'gladbach,1,8.0
Stade Rennais,CA Osasuna,1,2.0
Stade Rennais,Chelsea,1,24.0
Stade Rennais,Dijon,2,1.51
Stade Rennais,E. Frankfurt,1,0.35
Stade Rennais,FC Augsburg,1,7.5
Stade Rennais,FC Lorient,1,3.0
Stade Rennais,LOSC Lille,1,7.0
Stade Rennais,Leeds,1,18.6
Stade Rennais,Marítimo,1,0.01
Stade Rennais,Monaco,1,10.0
Stade Rennais,Montpellier,2,3.2
Stade Rennais,Nîmes Olympique,1,0.01
Stade Rennais,OGC Nice,1,1.0
Stade Rennais,R. Strasbourg,1,1.5
Stade Rennais,Real Madrid,1,31.0
Stade Rennais,Sevilla FC,1,13.5
Stade Rennais,Stade Brestois,3,3.51
Stade Rennais,TSG Hoffenheim,1,0.75
Stade Rennais,Toulouse,2,5.01
Stade Rennais,Udinese Calcio,1,2.0
Stade Rennais,Vit. Guimarães,1,0.3
Stade Rennais,Vitesse,1,0.01
Stade Rennais,Watford,1,30.0
Standard,AC Milan,1,0.01
Stoke City,Alavés,1,0.01
Stoke City,Burnley,2,3.1399999999999997
Stoke City,FC Metz,1,2.5
Stoke City,Girona,1,0.01
Stoke City,Newcastle,1,5.5
Stoke City,Toulouse,1,0.01
Stoke City,West Ham,1,22.3
Stumbras,Vitória Setúbal,1,0.01
Sunderland U23,Willem II,1,0.01
Swansea,Burnley,1,9.1
Swansea,Everton,1,49.4
Swansea,Getafe,1,0.01
Swansea,Málaga CF,1,0.01
Swansea,Real Betis,1,0.01
Swansea,Sevilla FC,1,0.01
Swansea,Spurs,1,15.1
São Carlos,Santa Clara,1,0.15
TJ Tianhai,Bor. Dortmund,1,20.0
TSG Hoffenheim,Bay. Leverkusen,2,41.0
TSG Hoffenheim,Bayern Munich,2,33.0
TSG Hoffenheim,Bor. Dortmund,2,32.5
TSG Hoffenheim,Dep. La Coruña,1,3.0
TSG Hoffenheim,E. Frankfurt,1,3.0
TSG Hoffenheim,F. Düsseldorf,1,0.01
TSG Hoffenheim,FC Augsburg,1,0.15
TSG Hoffenheim,FC Groningen,1,0.01
TSG Hoffenheim,FC Utrecht,1,0.01
TSG Hoffenheim,Fulham,1,1.0
TSG Hoffenheim,Greuther Fürth,1,0.01
TSG Hoffenheim,Hannover 96,1,0.22
TSG Hoffenheim,Heracles Almelo,1,0.01
TSG Hoffenheim,Hertha BSC,1,0.5
TSG Hoffenheim,Moreirense ,1,0.01
TSG Hoffenheim,Newcastle,1,44.0
TSG Hoffenheim,Norwich,1,0.5
TSG Hoffenheim,SC Freiburg,3,10.1
TSG Hoffenheim,VfB Stuttgart,2,7.8
TSG Hoffenheim,VfL Bochum,1,0.01
TSG Hoffenheim,Vitesse,1,0.01
TSG Hoffenheim,Werder Bremen,3,8.35
Ternana U.,Chievo Verona,1,0.5
Tianjin JMT,Málaga CF,1,0.01
Tondela,FC Porto,2,2.01
Tondela,SC Braga,1,0.4
Torino,AC Milan,1,0.5
Torino,AS Roma,1,12.5
Torino,Amiens SC,1,0.01
Torino,Athletic,1,12.0
Torino,Benevento,2,1.0
Torino,Benfica,1,6.0
Torino,Bologna,2,0.02
Torino,Cagliari Calcio,1,0.01
Torino,Celta de Vigo,1,0.01
Torino,Chelsea,1,25.0
Torino,Chievo Verona,1,2.0
Torino,Elche CF,2,3.01
Torino,Empoli,1,1.0
Torino,FC Crotone,2,0.02
Torino,Fiorentina,1,12.0
Torino,Fortuna Sittard,1,0.01
Torino,Fulham,1,2.5
Torino,Genoa,2,2.01
Torino,Levante,1,0.01
Torino,Monaco,1,10.0
Torino,RKC Waalwijk,1,0.01
Torino,Rennes,2,15.01
Torino,SPAL,6,2.54
Torino,SSC Napoli,2,21.5
Torino,Salernitana,1,0.01
Torino,Sampdoria,1,0.01
Torino,Southampton,1,7.5
Tottenham,Bor. M'gladbach,1,2.25
Tottenham,Excelsior,1,0.01
Toulouse,Amiens SC,2,1.66
Toulouse,Barcelona,1,1.0
Toulouse,Fiorentina,1,8.0
Toulouse,Montpellier,2,4.51
Toulouse,West Ham,1,25.0
Troyes,Paços Ferreira,1,0.01
Três Passos,Marseille,1,8.0
Turkey,AS Roma,2,18.55
Turkey,Ajax,1,1.55
Turkey,Amiens SC,1,0.2
Turkey,Arm. Bielefeld,1,0.5
Turkey,Arouca,1,0.3
Turkey,Aston Villa,1,10.0
Turkey,Benevento,1,0.01
Turkey,Bologna,1,1.5
Turkey,CD Leganés,1,0.01
Turkey,Cagliari Calcio,1,1.0
Turkey,Celta de Vigo,1,6.0
Turkey,Empoli,2,0.02
Turkey,Everton,1,22.5
Turkey,F. Düsseldorf,1,0.01
Turkey,FC Emmen,1,0.01
Turkey,Feyenoord,2,0.02
Turkey,Fortuna Sittard,3,0.16999999999999998
Turkey,Fulham,2,8.0
Turkey,Genoa,2,1.98
Turkey,LOSC Lille,2,20.0
Turkey,Lazio,1,19.92
Turkey,Monaco,1,0.45
Turkey,Málaga CF,1,0.2
Turkey,Olympique Lyon,2,9.0
Turkey,PSV Eindhoven,2,2.75
Turkey,Parma,1,6.4
Turkey,R. Strasbourg,1,0.75
Turkey,RB Leipzig,1,15.0
Turkey,Rennes,1,3.5
Turkey,SSC Napoli,1,16.2
Turkey,Saint-Étienne,1,0.01
Turkey,Sassuolo,3,10.95
Turkey,Sevilla FC,3,17.35
Turkey,Stoke City,1,16.0
Turkey,Toulouse,3,0.72
Turkey,Udinese Calcio,2,8.8
Turkey,VfB Stuttgart,2,13.5
Turkey,Vitesse,1,1.64
Turkey,Watford,1,1.0
Turkey,West Brom,1,1.58
Turkey,Willem II,1,0.01
Twente FC,PSV Eindhoven,1,3.5
Twente FC,Sampdoria,1,1.75
Twente FC,Willem II,3,0.07
UD Las Palmas,Getafe,1,0.01
UD Las Palmas,Sassuolo,1,1.5
UD Las Palmas,Swansea,1,12.5
Udinese Calcio,Amiens SC,1,0.01
Udinese Calcio,Atalanta BC,2,20.51
Udinese Calcio,Atlético Madrid,1,35.0
Udinese Calcio,Bologna,2,0.83
Udinese Calcio,Dep. La Coruña,1,4.5
Udinese Calcio,Estoril Praia,2,0.02
Udinese Calcio,FC Nantes,2,4.2
Udinese Calcio,Fiorentina,1,3.2
Udinese Calcio,Fortuna Sittard,1,0.01
Udinese Calcio,Frosinone,2,0.51
Udinese Calcio,Genoa,1,0.01
Udinese Calcio,Granada CF,1,5.0
Udinese Calcio,Hellas Verona,8,14.34
Udinese Calcio,Juventus,1,15.0
Udinese Calcio,Lecce,1,0.01
Udinese Calcio,Lens,1,8.5
Udinese Calcio,Parma,2,5.76
Udinese Calcio,SPAL,1,0.6
Udinese Calcio,SSC Napoli,4,27.52
Udinese Calcio,Saint-Étienne,1,2.5
Udinese Calcio,Sampdoria,3,20.509999999999998
Udinese Calcio,Watford,5,13.53
Uk,1. FC Köln,1,0.01
Uk,1.FSV Mainz 05,4,6.01
Uk,AC Milan,2,6.0
Uk,ADO Den Haag,4,0.04
Uk,AZ Alkmaar,2,0.02
Uk,Alavés,2,0.02
Uk,Amiens SC,3,3.52
Uk,Angers SCO,3,0.03
Uk,Arsenal,2,55.0
Uk,Aston Villa,4,67.55
Uk,Atalanta BC,2,21.1
Uk,Barcelona,1,135.0
Uk,Bay. Leverkusen,1,11.0
Uk,Belenenses,1,0.01
Uk,Bologna,3,1.72
Uk,Bor. Dortmund,3,67.09
Uk,Bor. M'gladbach,2,14.8
Uk,Bournemouth,8,84.56
Uk,Brentford,1,15.7
Uk,Brighton,8,60.4
Uk,Burnley,10,86.25999999999999
Uk,CD Leganés,4,5.029999999999999
Uk,Cagliari Calcio,1,1.52
Uk,Cardiff,5,34.2
Uk,Celta de Vigo,1,3.5
Uk,Chelsea,1,2.8
Uk,Clermont Foot,2,0.02
Uk,Crystal Palace,8,76.69
Uk,Cádiz CF,1,2.7
Uk,Dijon,5,10.01
Uk,E. Frankfurt,2,10.01
Uk,Empoli,1,0.01
Uk,Everton,6,93.11
Uk,FC Augsburg,1,4.0
Uk,FC Emmen,2,0.02
Uk,FC Groningen,2,0.02
Uk,FC Lorient,1,3.5
Uk,FC Metz,1,6.0
Uk,FC Nantes,1,2.0
Uk,FC Porto,2,1.01
Uk,FC Utrecht,3,0.03
Uk,Famalicão,1,0.01
Uk,Feyenoord,2,1.8
Uk,Fiorentina,3,24.0
Uk,Fortuna Sittard,5,0.05
Uk,Fulham,4,30.05
Uk,G. Bordeaux,2,1.51
Uk,Genoa,2,5.01
Uk,Getafe,5,4.529999999999999
Uk,Girona,3,12.0
Uk,Granada CF,3,9.01
Uk,Greuther Fürth,1,0.01
Uk,Guingamp,1,0.01
Uk,Hannover 96,1,1.5
Uk,Hellas Verona,2,2.01
Uk,Heracles Almelo,1,0.01
Uk,Hertha BSC,4,9.7
Uk,Huddersfield,5,33.55
Uk,Inter,2,7.5
Uk,LOSC Lille,1,7.0
Uk,Lazio,1,5.7
Uk,Lecce,2,0.51
Uk,Leeds,1,1.0
Uk,Leicester,7,65.845
Uk,Levante,1,6.2
Uk,Liverpool FC,3,25.55
Uk,Man City,2,45.309999999999995
Uk,Man Utd,2,19.5
Uk,Marseille,3,12.01
Uk,Monaco,2,12.01
Uk,Montpellier,2,6.01
Uk,Newcastle,5,58.95
Uk,Norwich,2,4.485
Uk,Nîmes Olympique,1,3.0
Uk,OGC Nice,2,7.01
Uk,Olympique Lyon,2,28.0
Uk,PEC Zwolle,1,0.01
Uk,Parma,1,6.4
Uk,Portimonense,1,0.01
Uk,R. Strasbourg,3,3.01
Uk,RB Leipzig,2,20.0
Uk,RCD Mallorca,1,0.01
Uk,Rayo Vallecano,2,1.01
Uk,Real Betis,2,1.01
Uk,Real Sociedad,1,0.5
Uk,Rennes,2,3.01
Uk,Rio Ave FC,1,0.01
Uk,SC Cambuur-Leeuwarden,1,0.01
Uk,SC Freiburg,2,4.0
Uk,SC Paderborn,1,0.15
Uk,SM Caen,1,0.01
Uk,SSC Napoli,1,0.6
Uk,Saint-Étienne,2,7.01
Uk,Salernitana,1,0.01
Uk,Sampdoria,2,13.399999999999999
Uk,Sevilla FC,2,12.0
Uk,Sheff Utd,9,90.61
Uk,Southampton,7,85.47
Uk,Sporting CP,2,7.4
Uk,Spurs,3,50.1
Uk,Stade Brestois,1,5.0
Uk,Stade Reims,2,1.71
Uk,Swansea,4,16.605
Uk,TSG Hoffenheim,1,8.0
Uk,Twente FC,3,0.03
Uk,Udinese Calcio,4,17.03
Uk,Union Berlin,3,8.57
Uk,VVV-Venlo,4,0.04
Uk,Valencia,1,0.8
Uk,Venezia,1,0.5
Uk,VfB Stuttgart,1,6.0
Uk,VfL Wolfsburg,3,17.45
Uk,Villarreal,4,41.91
Uk,Vit. Guimarães,2,0.51
Uk,Vitesse,5,1.28
Uk,Watford,7,19.919999999999998
Uk,Werder Bremen,1,0.3
Uk,West Brom,3,19.900000000000002
Uk,West Ham,8,84.1
Uk,Willem II,2,0.02
Uk,Wolves,3,30.400000000000002
Union Berlin,1. FC Köln,1,6.5
Union Berlin,1.FSV Mainz 05,1,0.6
Union Berlin,Bay. Leverkusen,1,6.5
Union Berlin,Bor. M'gladbach,1,5.5
Union Berlin,FC Augsburg,1,1.0
Union Berlin,Greuther Fürth,1,0.25
Union Berlin,VfL Wolfsburg,1,5.0
Utrecht,Bologna,1,3.0
Utrecht,PEC Zwolle,1,0.01
VVV-Venlo,PEC Zwolle,2,1.0
Valencia,Alavés,3,0.03
Valencia,Atalanta BC,1,0.01
Valencia,Atlético Madrid,2,17.7
Valencia,Barcelona,2,27.2
Valencia,Brighton,2,13.0
Valencia,CA Osasuna,1,0.01
Valencia,Celta de Vigo,1,0.01
Valencia,Cádiz CF,2,0.02
Valencia,Dep. La Coruña,1,0.01
Valencia,Espanyol,1,1.3
Valencia,Famalicão,2,0.02
Valencia,Fortuna Sittard,1,0.01
Valencia,Getafe,2,10.01
Valencia,Inter,1,0.01
Valencia,Juventus,1,40.4
Valencia,Lazio,1,2.0
Valencia,Leeds,1,30.0
Valencia,Levante,2,5.01
Valencia,Man City,1,33.5
Valencia,Marseille,1,0.01
Valencia,Marítimo,1,0.01
Valencia,PSV Eindhoven,1,0.01
Valencia,Rayo Vallecano,1,0.01
Valencia,SD Eibar,3,3.15
Valencia,Sampdoria,2,13.31
Valencia,Torino,2,14.0
Valencia,UD Las Palmas,1,0.01
Valencia,Villarreal,2,9.35
Venezia,Salernitana,1,0.01
VfB Stuttgart,1. FC Köln,1,3.0
VfB Stuttgart,1.FSV Mainz 05,1,3.0
VfB Stuttgart,Bor. Dortmund,1,15.0
VfB Stuttgart,E. Frankfurt,1,0.25
VfB Stuttgart,Estoril Praia,1,0.01
VfB Stuttgart,F. Düsseldorf,2,0.91
VfB Stuttgart,Fiorentina,1,24.5
VfB Stuttgart,Hertha BSC,1,0.5
VfB Stuttgart,Levante,1,0.6
VfB Stuttgart,RCD Mallorca,1,0.5
VfB Stuttgart,SC Braga,1,0.1
VfB Stuttgart,SD Huesca,1,0.01
VfB Stuttgart,Stade Reims,1,4.0
VfB Stuttgart,VfL Wolfsburg,1,10.0
VfL Wolfsburg,1. FC Köln,2,7.01
VfL Wolfsburg,1.FSV Mainz 05,1,0.01
VfL Wolfsburg,AC Milan,1,15.0
VfL Wolfsburg,Bor. Dortmund,1,0.01
VfL Wolfsburg,Burnley,1,17.5
VfL Wolfsburg,FC Augsburg,2,8.5
VfL Wolfsburg,FC Porto,1,0.01
VfL Wolfsburg,FC Schalke 04,2,0.02
VfL Wolfsburg,FC Utrecht,1,0.01
VfL Wolfsburg,G. Bordeaux,1,0.01
VfL Wolfsburg,Marseille,1,10.0
VfL Wolfsburg,SC Freiburg,1,2.5
VfL Wolfsburg,Saint-Étienne,1,0.01
VfL Wolfsburg,Torino,1,1.0
VfL Wolfsburg,Union Berlin,1,0.01
VfL Wolfsburg,VVV-Venlo,1,0.01
VfL Wolfsburg,VfB Stuttgart,3,3.02
VfL Wolfsburg,VfL Bochum,1,0.01
VfL Wolfsburg,Vitesse,1,1.5
VfL Wolfsburg,Willem II,2,0.02
Vicenza Yth.,Torino,1,0.01
Villarreal,AC Milan,2,39.3
Villarreal,Alavés,2,0.02
Villarreal,Atlético Madrid,1,20.0
Villarreal,Bologna,4,16.02
Villarreal,CA Osasuna,1,0.01
Villarreal,Espanyol,2,0.51
Villarreal,Getafe,3,9.02
Villarreal,Levante,2,0.76
Villarreal,Marseille,2,4.01
Villarreal,Olympique Lyon,2,15.5
Villarreal,RCD Mallorca,1,0.01
Villarreal,Real Betis,1,0.01
Villarreal,Real Valladolid,2,0.02
Villarreal,Rio Ave FC,1,0.01
Villarreal,SC Braga,1,1.5
Villarreal,SD Huesca,3,1.1600000000000001
Villarreal,Tondela,1,0.01
Villarreal,Torino,1,1.0
Villarreal,Valencia,3,6.02
Villarreal,West Ham,1,28.0
Villarreal Yth.,E. Frankfurt,1,0.01
Vit. Guimarães,Amiens SC,1,2.0
Vit. Guimarães,Bay. Leverkusen,1,20.2
Vit. Guimarães,Chaves,1,0.01
Vit. Guimarães,Famalicão,1,0.01
Vit. Guimarães,Feirense,1,0.01
Vit. Guimarães,Feyenoord,1,1.6
Vit. Guimarães,Fiorentina,1,4.0
Vit. Guimarães,Marítimo,1,0.01
Vit. Guimarães,Moreirense ,1,0.01
Vit. Guimarães,Paços Ferreira,1,0.01
Vit. Guimarães,Portimonense,1,0.01
Vit. Guimarães,Rio Ave FC,1,0.01
Vit. Guimarães,SD Eibar,1,0.01
Vit. Guimarães,Saint-Étienne,1,0.3
Vit. Guimarães,Santa Clara,1,0.01
Vit. Guimarães,Sporting CP,2,14.0
Vit. Guimarães,Stade Reims,1,4.0
Vit. Guimarães,West Ham,1,1.5
Vitesse,FC Groningen,1,0.01
Vitesse,Fortuna Sittard,1,0.01
Vitesse,Heerenveen,1,0.5
Vitesse,NAC Breda,1,0.01
Vitesse,PEC Zwolle,3,0.03
Vitesse,PSV Eindhoven,1,0.4
Vitesse,RKC Waalwijk,1,0.01
Vitesse,Sparta R.,1,0.01
Vitesse,VVV-Venlo,2,0.02
Vitesse,Werder Bremen,1,8.1
Vitesse,West Brom,1,7.2
Vitória Setúbal,Benfica,3,3.2
Vitória Setúbal,Chaves,1,0.15
Vitória Setúbal,Vit. Guimarães,1,0.01
Vizela Y19,Moreirense ,1,0.01
Watford,CA Osasuna,1,0.01
Watford,CD Leganés,1,0.01
Watford,Crystal Palace,1,7.0
Watford,Dep. La Coruña,2,1.01
Watford,Everton,1,39.2
Watford,F. Düsseldorf,1,0.3
Watford,FC Emmen,1,0.01
Watford,Feyenoord,1,6.5
Watford,Getafe,1,0.01
Watford,Granada CF,1,0.01
Watford,Hertha BSC,1,20.0
Watford,Málaga CF,1,0.01
Watford,R. Strasbourg,1,0.01
Watford,RCD Mallorca,1,0.01
Watford,Sparta R.,1,0.01
Watford,Udinese Calcio,8,6.92
Watford,VVV-Venlo,1,0.01
Watford,West Ham,1,2.3
Werder Bremen,1.FC Nuremberg,1,0.2
Werder Bremen,Ajax,1,11.7
Werder Bremen,Bayern Munich,1,8.0
Werder Bremen,Bor. Dortmund,1,20.0
Werder Bremen,FC Emmen,1,0.01
Werder Bremen,FC Utrecht,1,0.6
Werder Bremen,PEC Zwolle,1,0.01
Werder Bremen,SC Freiburg,1,1.3
Werder Bremen,VVV-Venlo,1,0.01
West Brom,Sheff Utd,1,6.5
West Brom,Werder Bremen,1,0.3
West Ham,1.FSV Mainz 05,1,7.5
West Ham,Ajax,1,22.5
West Ham,Alavés,2,2.3099999999999996
West Ham,Bor. M'gladbach,2,0.02
West Ham,Crystal Palace,1,10.7
West Ham,FC Augsburg,2,2.5
West Ham,FC Porto,1,0.01
West Ham,Fiorentina,1,0.865
West Ham,Lazio,1,3.0
West Ham,Norwich,1,0.83
West Ham,Rennes,1,10.0
West Ham,Sassuolo,1,7.5
West Ham,Sevilla FC,1,7.75
West Ham,Sparta R.,1,0.01
West Ham,Swansea,1,22.8
West Ham,TSG Hoffenheim,1,8.0
West Ham,VVV-Venlo,1,0.01
West Ham,Watford,1,1.1
West Ham,West Brom,2,13.61
Willem II,AZ Alkmaar,1,2.5
Willem II,FC Groningen,1,0.375
Willem II,FC Utrecht,1,0.15
Wolves,AS Roma,1,11.8
Wolves,Aston Villa,1,3.4
Wolves,Barcelona,1,0.01
Wolves,Belenenses SAD,1,0.01
Wolves,Burnley,1,0.01
Wolves,FC Empoli,1,0.01
Wolves,Famalicão,5,1.34
Wolves,Fiorentina,1,3.0
Wolves,Fortuna Sittard,1,0.01
Wolves,Gil Vicente,1,0.01
Wolves,Leeds,1,17.7
Wolves,Leicester,1,0.01
Wolves,Liverpool FC,1,44.7
Wolves,Paços Ferreira,1,0.01
Wolves,SM Caen,1,0.5
Wolves,Sevilla FC,1,16.0
Wolves,Sporting CP,1,0.01
Wolves,Spurs,1,16.8
Wolves,Tondela,1,0.01
Wolves,VVV-Venlo,1,0.01
Wolves,Valencia,1,0.01
Wolves,Vit. Guimarães,1,0.01
ZJ FC,Moreirense ,1,0.01
free agents,1. FC Köln,9,0.0
free agents,1.FC Nuremberg,4,0.0
free agents,1.FSV Mainz 05,9,0.0
free agents,AC Milan,4,0.0
free agents,ADO Den Haag,26,0.0
free agents,AS Roma,4,0.0
free agents,AZ Alkmaar,6,0.0
free agents,Ajax,4,0.0
free agents,Alavés,17,0.0
free agents,Amiens SC,9,0.0
free agents,Angers SCO,11,0.0
free agents,Arm. Bielefeld,8,0.0
free agents,Arouca,8,0.0
free agents,Arsenal,4,0.0
free agents,Aston Villa,3,0.0
free agents,Atalanta BC,4,0.0
free agents,Athletic,2,0.0
free agents,Atlético Madrid,2,0.0
free agents,Barcelona,4,0.0
free agents,Bay. Leverkusen,3,0.0
free agents,Bayern Munich,7,0.0
free agents,Belenenses,6,0.0
free agents,Belenenses SAD,21,0.0
free agents,Benevento,2,0.0
free agents,Benfica,10,0.0
free agents,Boavista,30,0.0
free agents,Bologna,5,0.0
free agents,Bor. Dortmund,5,0.0
free agents,Bor. M'gladbach,3,0.0
free agents,Bournemouth,2,0.0
free agents,Brescia,2,0.0
free agents,Brighton,6,0.0
free agents,Burnley,4,0.0
free agents,CA Osasuna,5,0.0
free agents,CD Leganés,13,0.0
free agents,Cagliari Calcio,8,0.0
free agents,Celta de Vigo,7,0.0
free agents,Chaves,10,0.0
free agents,Chelsea,5,0.0
free agents,Chievo Verona,6,0.0
free agents,Clermont Foot,4,0.0
free agents,Crystal Palace,10,0.0
free agents,Cádiz CF,11,0.0
free agents,De Graafschap,10,0.0
free agents,Dep. La Coruña,2,0.0
free agents,Desportivo Aves,31,0.0
free agents,Dijon,6,0.0
free agents,E. Frankfurt,9,0.0
free agents,Elche CF,12,0.0
free agents,Empoli,5,0.0
free agents,Espanyol,7,0.0
free agents,Estoril Praia,20,0.0
free agents,Everton,10,0.0
free agents,Excelsior,10,0.0
free agents,F. Düsseldorf,10,0.0
free agents,FC Augsburg,10,0.0
free agents,FC Crotone,6,0.0
free agents,FC Emmen,31,0.0
free agents,FC Empoli,2,0.0
free agents,FC Groningen,15,0.0
free agents,FC Lorient,5,0.0
free agents,FC Metz,10,0.0
free agents,FC Nantes,7,0.0
free agents,FC Porto,2,0.0
free agents,FC Schalke 04,6,0.0
free agents,FC Utrecht,16,0.0
free agents,Famalicão,14,0.0
free agents,Farense,7,0.0
free agents,Feirense,17,0.0
free agents,Feyenoord,10,0.0
free agents,Fiorentina,7,0.0
free agents,Fortuna Sittard,26,0.0
free agents,Frosinone,2,0.0
free agents,Fulham,1,0.0
free agents,G. Bordeaux,8,0.0
free agents,Genoa,22,0.0
free agents,Getafe,16,0.0
free agents,Gil Vicente,29,0.0
free agents,Girona,5,0.0
free agents,Go Ahead Eagles,10,0.0
free agents,Granada CF,11,0.0
free agents,Greuther Fürth,6,0.0
free agents,Guingamp,8,0.0
free agents,Hamburger SV,1,0.0
free agents,Hannover 96,5,0.0
free agents,Heerenveen,12,0.0
free agents,Hellas Verona,9,0.0
free agents,Heracles Almelo,27,0.0
free agents,Hertha BSC,7,0.0
free agents,Huddersfield,4,0.0
free agents,Inter,9,0.0
free agents,Juventus,5,0.0
free agents,LOSC Lille,10,0.0
free agents,Lazio,11,0.0
free agents,Lecce,5,0.0
free agents,Leicester,3,0.0
free agents,Lens,4,0.0
free agents,Levante,14,0.0
free agents,Liverpool FC,3,0.0
free agents,Man City,1,0.0
free agents,Man Utd,2,0.0
free agents,Marseille,6,0.0
free agents,Marítimo,28,0.0
free agents,Monaco,5,0.0
free agents,Montpellier,12,0.0
free agents,Moreirense ,27,0.0
free agents,Málaga CF,7,0.0
free agents,NAC Breda,11,0.0
free agents,NEC Nijmegen,2,0.0
free agents,Nacional,11,0.0
free agents,Newcastle,5,0.0
free agents,Norwich,1,0.0
free agents,Nîmes Olympique,6,0.0
free agents,OGC Nice,5,0.0
free agents,Olympique Lyon,7,0.0
free agents,PEC Zwolle,24,0.0
free agents,PSV Eindhoven,9,0.0
free agents,Paris SG,12,0.0
free agents,Parma,14,0.0
free agents,Paços Ferreira,18,0.0
free agents,Portimonense,18,0.0
free agents,R. Strasbourg,6,0.0
free agents,RB Leipzig,3,0.0
free agents,RCD Mallorca,11,0.0
free agents,RKC Waalwijk,16,0.0
free agents,Rayo Vallecano,9,0.0
free agents,Real Betis,10,0.0
free agents,Real Madrid,2,0.0
free agents,Real Sociedad,4,0.0
free agents,Real Valladolid,6,0.0
free agents,Rennes,7,0.0
free agents,Rio Ave FC,13,0.0
free agents,Roda JC,2,0.0
free agents,SC Braga,14,0.0
free agents,SC Cambuur-Leeuwarden,4,0.0
free agents,SC Freiburg,2,0.0
free agents,SC Paderborn,7,0.0
free agents,SD Eibar,11,0.0
free agents,SD Huesca,6,0.0
free agents,SM Caen,4,0.0
free agents,SPAL,10,0.0
free agents,SSC Napoli,7,0.0
free agents,Saint-Étienne,7,0.0
free agents,Salernitana,9,0.0
free agents,Sampdoria,9,0.0
free agents,Santa Clara,34,0.0
free agents,Sassuolo,3,0.0
free agents,Sevilla FC,4,0.0
free agents,Sheff Utd,4,0.0
free agents,Southampton,2,0.0
free agents,Sparta R.,18,0.0
free agents,Spezia Calcio,7,0.0
free agents,Sporting CP,13,0.0
free agents,Spurs,1,0.0
free agents,Stade Brestois,7,0.0
free agents,Stade Reims,8,0.0
free agents,Stoke City,3,0.0
free agents,Swansea,1,0.0
free agents,TSG Hoffenheim,8,0.0
free agents,Tondela,27,0.0
free agents,Torino,4,0.0
free agents,Toulouse,5,0.0
free agents,Troyes,5,0.0
free agents,Twente FC,20,0.0
free agents,UD Las Palmas,5,0.0
free agents,Udinese Calcio,11,0.0
free agents,Union Berlin,18,0.0
free agents,VVV-Venlo,21,0.0
free agents,Valencia,5,0.0
free agents,Venezia,4,0.0
free agents,VfB Stuttgart,6,0.0
free agents,VfL Bochum,5,0.0
free agents,VfL Wolfsburg,1,0.0
free agents,Villarreal,5,0.0
free agents,Vit. Guimarães,15,0.0
free agents,Vitesse,12,0.0
free agents,Vitória Setúbal,21,0.0
free agents,Vizela,8,0.0
free agents,Watford,10,0.0
free agents,Werder Bremen,6,0.0
free agents,West Brom,2,0.0
free agents,West Ham,6,0.0
free agents,Willem II,20,0.0
free agents,Wolves,4,0.0
